timestamp,label,tally,curve_state,curve_spread,dollar_state,dollar_last,dollar_avg,vol_state,vix,vix3m,vol_diff,credit_state,hy_spread,hy_avg,rotation_state,def_5d_pct,oth_5d_pct,rotation_diff_pct,breadth_state,rsp_spy,breadth_avg,skew_state,skew,skew_avg
2026-06-19T15:37:12.527Z,risk-on,5-2,normal,0.27,above 20d avg,100.77,99.67,contango,16.78,20.51,-3.73,below 20-obs avg,2.63,2.73,cyclicals leading,-2.3,0.9,-3.3,above 20d avg,0.2812,0.2797,elevated,146.72,142.23
2026-06-19T15:37:13.235Z,risk-on,5-2,normal,0.27,above 20d avg,100.77,99.67,contango,16.78,20.51,-3.73,below 20-obs avg,2.63,2.73,cyclicals leading,-2.3,1.3,-3.6,above 20d avg,0.2812,0.2797,elevated,146.72,142.23
2026-06-19T17:19:22.047Z,risk-on,5-2,normal,0.27,above 20d avg,100.76,99.67,contango,16.78,20.51,-3.73,below 20-obs avg,2.63,2.73,cyclicals leading,-2.3,0.9,-3.3,above 20d avg,0.2812,0.2797,elevated,146.72,142.23
2026-06-19T17:19:22.604Z,risk-on,5-2,normal,0.27,above 20d avg,100.76,99.67,contango,16.78,20.51,-3.73,below 20-obs avg,2.63,2.73,cyclicals leading,-2.3,0.9,-3.3,above 20d avg,0.2812,0.2797,elevated,146.72,142.23
2026-06-19T17:27:39.255Z,risk-on,5-2,normal,0.27,above 20d avg,100.78,99.67,contango,16.78,20.51,-3.73,below 20-obs avg,2.63,2.73,cyclicals leading,-2.3,0.9,-3.3,above 20d avg,0.2812,0.2797,elevated,146.72,142.23
2026-06-19T17:27:39.832Z,risk-on,5-2,normal,0.27,above 20d avg,100.77,99.67,contango,16.78,20.51,-3.73,below 20-obs avg,2.63,2.73,cyclicals leading,-2.3,0.9,-3.3,above 20d avg,0.2812,0.2797,elevated,146.72,142.23
2026-06-19T17:30:51.753Z,risk-on,5-2,normal,0.27,above 20d avg,100.77,99.67,contango,16.78,20.51,-3.73,below 20-obs avg,2.63,2.73,cyclicals leading,-2.3,0.9,-3.3,above 20d avg,0.2812,0.2797,elevated,146.72,142.23
2026-06-19T17:30:52.253Z,risk-on,5-2,normal,0.27,above 20d avg,100.77,99.67,contango,16.78,20.51,-3.73,below 20-obs avg,2.63,2.73,cyclicals leading,-2.3,0.9,-3.3,above 20d avg,0.2812,0.2797,elevated,146.72,142.23
2026-06-19T17:53:01.083Z,risk-on,5-2,normal,0.27,above 20d avg,100.73,99.67,contango,16.78,20.51,-3.73,below 20-obs avg,2.63,2.73,cyclicals leading,-2.3,0.9,-3.3,above 20d avg,0.2812,0.2797,elevated,146.72,142.23
2026-06-19T17:53:01.694Z,risk-on,5-2,normal,0.27,above 20d avg,100.73,99.67,contango,16.78,20.51,-3.73,below 20-obs avg,2.63,2.73,cyclicals leading,-2.3,0.9,-3.3,above 20d avg,0.2812,0.2797,elevated,146.72,142.23
2026-06-19T18:15:26.660Z,risk-on,5-2,normal,0.27,above 20d avg,100.74,99.67,contango,16.78,20.51,-3.73,below 20-obs avg,2.63,2.73,cyclicals leading,-2.3,0.9,-3.3,above 20d avg,0.2812,0.2797,elevated,146.72,142.23
2026-06-19T18:15:27.159Z,risk-on,5-2,normal,0.27,above 20d avg,100.74,99.67,contango,16.78,20.51,-3.73,below 20-obs avg,2.63,2.73,cyclicals leading,-2.3,0.9,-3.3,above 20d avg,0.2812,0.2797,elevated,146.72,142.23
2026-06-19T18:45:24.618Z,risk-on,5-2,normal,0.27,above 20d avg,100.72,99.67,contango,16.78,20.51,-3.73,below 20-obs avg,2.63,2.73,cyclicals leading,-2.3,0.9,-3.3,above 20d avg,0.2812,0.2797,elevated,146.72,142.23
2026-06-19T18:45:25.225Z,risk-on,5-2,normal,0.27,above 20d avg,100.72,99.67,contango,16.78,20.51,-3.73,below 20-obs avg,2.63,2.73,cyclicals leading,-2.3,0.9,-3.3,above 20d avg,0.2812,0.2797,elevated,146.72,142.23
2026-06-19T19:15:25.707Z,risk-on,5-2,normal,0.27,above 20d avg,100.72,99.67,contango,16.78,20.51,-3.73,below 20-obs avg,2.63,2.73,cyclicals leading,-2.3,0.9,-3.3,above 20d avg,0.2812,0.2797,elevated,146.72,142.23
2026-06-19T19:15:26.388Z,risk-on,5-2,normal,0.27,above 20d avg,100.72,99.67,contango,16.78,20.51,-3.73,below 20-obs avg,2.63,2.73,cyclicals leading,-2.3,0.9,-3.3,above 20d avg,0.2812,0.2797,elevated,146.72,142.23
2026-06-19T19:16:34.868Z,risk-on,5-2,normal,0.27,above 20d avg,100.72,99.67,contango,16.78,20.51,-3.73,below 20-obs avg,2.63,2.73,cyclicals leading,-2.3,0.9,-3.3,above 20d avg,0.2812,0.2797,elevated,146.72,142.23
2026-06-19T19:16:35.462Z,risk-on,5-2,normal,0.27,above 20d avg,100.72,99.67,contango,16.78,20.51,-3.73,below 20-obs avg,2.63,2.73,cyclicals leading,-2.3,0.9,-3.3,above 20d avg,0.2812,0.2797,elevated,146.72,142.23
2026-06-19T20:50:26.336Z,risk-on,5-2,normal,0.27,above 20d avg,100.85,99.68,contango,16.78,20.51,-3.73,below 20-obs avg,2.63,2.73,cyclicals leading,-2.3,0.9,-3.3,above 20d avg,0.2812,0.2797,elevated,146.72,142.23
2026-06-19T20:50:26.740Z,risk-on,5-2,normal,0.27,above 20d avg,100.85,99.68,contango,16.78,20.51,-3.73,below 20-obs avg,2.63,2.73,cyclicals leading,-2.3,0.9,-3.3,above 20d avg,0.2812,0.2797,elevated,146.72,142.23
2026-06-19T21:15:26.547Z,risk-on,5-2,normal,0.27,above 20d avg,100.85,99.68,contango,16.78,20.51,-3.73,below 20-obs avg,2.63,2.73,cyclicals leading,-2.3,0.9,-3.3,above 20d avg,0.2812,0.2797,elevated,146.72,142.23
2026-06-19T21:15:26.982Z,risk-on,5-2,normal,0.27,above 20d avg,100.85,99.68,contango,16.78,20.51,-3.73,below 20-obs avg,2.63,2.73,cyclicals leading,-2.3,0.9,-3.3,above 20d avg,0.2812,0.2797,elevated,146.72,142.23
2026-06-19T21:45:24.941Z,risk-on,5-2,normal,0.27,above 20d avg,100.85,99.68,contango,16.78,20.51,-3.73,below 20-obs avg,2.63,2.73,cyclicals leading,-2.3,0.9,-3.3,above 20d avg,0.2812,0.2797,elevated,146.72,142.23
2026-06-19T21:45:25.634Z,risk-on,5-2,normal,0.27,above 20d avg,100.85,99.68,contango,16.78,20.51,-3.73,below 20-obs avg,2.63,2.73,cyclicals leading,-2.3,0.9,-3.3,above 20d avg,0.2812,0.2797,elevated,146.72,142.23
2026-06-19T21:57:12.182Z,risk-on,5-2,normal,0.27,above 20d avg,100.85,99.59,contango,16.78,20.51,-3.73,below 20-obs avg,2.63,2.73,cyclicals leading,-2.1,1.5,-3.6,above 20d avg,0.2812,0.2797,elevated,142.62,141.51
2026-06-19T21:57:12.550Z,risk-on,5-2,normal,0.27,above 20d avg,100.85,99.59,contango,16.78,20.51,-3.73,below 20-obs avg,2.63,2.73,cyclicals leading,-2.1,1.5,-3.6,above 20d avg,0.2812,0.2797,elevated,142.62,141.51
2026-06-22T13:00:29.049Z,risk-on,5-2,normal,0.27,above 20d avg,100.83,99.68,contango,17.06,19.57,-2.51,below 20-obs avg,2.63,2.73,cyclicals leading,-2.3,0.9,-3.3,above 20d avg,0.2812,0.2797,elevated,146.72,142.23
2026-06-22T13:24:05.443Z,risk-on,5-2,normal,0.27,above 20d avg,100.93,99.68,contango,16.97,19.57,-2.6,below 20-obs avg,2.63,2.73,cyclicals leading,-2.3,0.9,-3.3,above 20d avg,0.2812,0.2797,elevated,146.72,142.23
2026-06-22T13:24:05.932Z,risk-on,5-2,normal,0.27,above 20d avg,100.93,99.68,contango,16.97,19.57,-2.6,below 20-obs avg,2.63,2.73,cyclicals leading,-2.3,0.9,-3.3,above 20d avg,0.2812,0.2797,elevated,146.72,142.23
2026-06-22T13:45:27.816Z,risk-on,5-2,normal,0.27,above 20d avg,100.98,99.68,contango,16.8,19.57,-2.77,below 20-obs avg,2.63,2.73,cyclicals leading,-2.7,-1,-1.7,above 20d avg,0.2803,0.28,elevated,146.72,142.23
2026-06-22T13:45:28.309Z,risk-on,5-2,normal,0.27,above 20d avg,100.98,99.68,contango,16.8,19.57,-2.77,below 20-obs avg,2.63,2.73,cyclicals leading,-2.7,-1,-1.7,above 20d avg,0.2803,0.28,elevated,146.72,142.23
2026-06-22T14:10:57.558Z,risk-on,5-2,normal,0.27,above 20d avg,101.04,99.69,contango,16.64,19.43,-2.79,below 20-obs avg,2.63,2.73,cyclicals leading,-2.9,-0.6,-2.4,above 20d avg,0.2802,0.28,elevated,146.72,142.23
2026-06-22T14:10:58.002Z,risk-on,5-2,normal,0.27,above 20d avg,101.04,99.69,contango,16.64,19.43,-2.79,below 20-obs avg,2.63,2.73,cyclicals leading,-2.9,-0.6,-2.4,above 20d avg,0.2802,0.28,elevated,146.72,142.23
2026-06-22T14:30:26.170Z,risk-on,5-2,normal,0.27,above 20d avg,101,99.68,contango,16.61,19.43,-2.82,below 20-obs avg,2.63,2.73,cyclicals leading,-3,-0.9,-2.1,above 20d avg,0.2812,0.28,elevated,146.72,142.23
2026-06-22T14:30:26.569Z,risk-on,5-2,normal,0.27,above 20d avg,101,99.68,contango,16.61,19.43,-2.82,below 20-obs avg,2.63,2.73,cyclicals leading,-3,-0.9,-2.1,above 20d avg,0.2812,0.28,elevated,146.72,142.23
2026-06-22T14:54:05.316Z,risk-on,5-2,normal,0.27,above 20d avg,100.94,99.68,contango,17.44,19.89,-2.45,below 20-obs avg,2.63,2.73,cyclicals leading,-2.8,-1.1,-1.8,above 20d avg,0.2816,0.28,elevated,146.72,142.23
2026-06-22T14:54:06.193Z,risk-on,5-2,normal,0.27,above 20d avg,100.94,99.68,contango,17.44,19.89,-2.45,below 20-obs avg,2.63,2.73,cyclicals leading,-2.8,-1,-1.8,above 20d avg,0.2816,0.28,elevated,146.72,142.23
2026-06-22T15:15:26.860Z,risk-on,5-2,normal,0.27,above 20d avg,100.83,99.68,contango,17.58,19.94,-2.36,below 20-obs avg,2.63,2.73,cyclicals leading,-2.9,-0.8,-2.1,above 20d avg,0.2817,0.28,elevated,146.72,142.23
2026-06-22T15:15:27.322Z,risk-on,5-2,normal,0.27,above 20d avg,100.84,99.68,contango,17.58,19.94,-2.36,below 20-obs avg,2.63,2.73,cyclicals leading,-2.9,-0.8,-2.1,above 20d avg,0.2817,0.28,elevated,146.72,142.23
2026-06-22T15:39:03.311Z,risk-on,5-2,normal,0.27,above 20d avg,100.91,99.68,contango,17.5,19.93,-2.43,below 20-obs avg,2.63,2.73,cyclicals leading,-2.5,-0.7,-1.8,above 20d avg,0.2819,0.2801,elevated,146.72,142.23
2026-06-22T15:39:03.871Z,risk-on,5-2,normal,0.27,above 20d avg,100.91,99.68,contango,17.5,19.93,-2.43,below 20-obs avg,2.63,2.73,cyclicals leading,-2.5,-0.7,-1.8,above 20d avg,0.2819,0.2801,elevated,146.72,142.23
2026-06-22T15:59:15.373Z,risk-on,5-2,normal,0.27,above 20d avg,100.97,99.68,contango,17.26,19.77,-2.51,below 20-obs avg,2.63,2.73,cyclicals leading,-2.3,-0.8,-1.5,above 20d avg,0.2818,0.2801,elevated,146.72,142.23
2026-06-22T15:59:15.874Z,risk-on,5-2,normal,0.27,above 20d avg,100.97,99.68,contango,17.26,19.77,-2.51,below 20-obs avg,2.63,2.73,cyclicals leading,-2.3,-0.8,-1.5,above 20d avg,0.2818,0.2801,elevated,146.72,142.23
2026-06-22T16:24:04.653Z,risk-on,5-2,normal,0.27,above 20d avg,101.02,99.69,contango,17.63,19.94,-2.31,below 20-obs avg,2.66,2.73,cyclicals leading,-2.2,-0.9,-1.3,above 20d avg,0.2817,0.28,elevated,146.72,142.23
2026-06-22T16:24:05.564Z,risk-on,5-2,normal,0.27,above 20d avg,101.02,99.69,contango,17.63,19.94,-2.31,below 20-obs avg,2.66,2.73,cyclicals leading,-2.2,-0.9,-1.3,above 20d avg,0.2817,0.28,elevated,146.72,142.23
2026-06-22T16:45:25.774Z,risk-on,5-2,normal,0.27,above 20d avg,101.01,99.69,contango,17.39,19.81,-2.42,below 20-obs avg,2.66,2.73,cyclicals leading,-2.2,-0.9,-1.3,above 20d avg,0.2819,0.2801,elevated,146.72,142.23
2026-06-22T16:45:26.311Z,risk-on,5-2,normal,0.27,above 20d avg,101.01,99.69,contango,17.39,19.81,-2.42,below 20-obs avg,2.66,2.73,cyclicals leading,-2.2,-0.9,-1.3,above 20d avg,0.2819,0.2801,elevated,146.72,142.23
2026-06-22T17:09:06.847Z,risk-on,5-2,normal,0.27,above 20d avg,100.99,99.68,contango,17.22,19.73,-2.51,below 20-obs avg,2.66,2.72,cyclicals leading,-2.1,-0.9,-1.2,above 20d avg,0.282,0.2801,elevated,146.72,142.23
2026-06-22T17:09:07.444Z,risk-on,5-2,normal,0.27,above 20d avg,100.99,99.68,contango,17.22,19.73,-2.51,below 20-obs avg,2.66,2.72,cyclicals leading,-2.1,-0.9,-1.2,above 20d avg,0.282,0.2801,elevated,146.72,142.23
2026-06-22T17:30:26.594Z,risk-on,5-2,normal,0.27,above 20d avg,100.99,99.68,contango,17.24,19.77,-2.53,below 20-obs avg,2.66,2.72,cyclicals leading,-2.2,-1,-1.3,above 20d avg,0.2817,0.28,elevated,146.72,142.23
2026-06-22T17:30:27.140Z,risk-on,5-2,normal,0.27,above 20d avg,100.99,99.68,contango,17.24,19.77,-2.53,below 20-obs avg,2.66,2.72,cyclicals leading,-2.2,-1,-1.3,above 20d avg,0.2817,0.28,elevated,146.72,142.23
2026-06-22T17:54:05.273Z,risk-on,5-2,normal,0.27,above 20d avg,101,99.68,contango,17.33,19.82,-2.49,below 20-obs avg,2.66,2.72,cyclicals leading,-2.3,-0.9,-1.3,above 20d avg,0.2816,0.28,elevated,146.72,142.23
2026-06-22T17:54:05.801Z,risk-on,5-2,normal,0.27,above 20d avg,101,99.68,contango,17.33,19.82,-2.49,below 20-obs avg,2.66,2.72,cyclicals leading,-2.3,-0.9,-1.3,above 20d avg,0.2816,0.28,elevated,146.72,142.23
2026-06-22T18:15:24.569Z,risk-on,5-2,normal,0.27,above 20d avg,101,99.68,contango,17.25,19.76,-2.51,below 20-obs avg,2.66,2.72,cyclicals leading,-2.2,-1,-1.2,above 20d avg,0.2815,0.28,elevated,146.72,142.23
2026-06-22T18:15:25.098Z,risk-on,5-2,normal,0.27,above 20d avg,101,99.68,contango,17.25,19.76,-2.51,below 20-obs avg,2.66,2.72,cyclicals leading,-2.2,-1,-1.2,above 20d avg,0.2815,0.28,elevated,146.72,142.23
2026-06-22T18:39:03.292Z,risk-on,5-2,normal,0.27,above 20d avg,101.01,99.68,contango,17.14,19.69,-2.55,below 20-obs avg,2.66,2.72,cyclicals leading,-2.4,-1,-1.3,above 20d avg,0.2815,0.28,elevated,146.72,142.23
2026-06-22T18:39:03.784Z,risk-on,5-2,normal,0.27,above 20d avg,101.01,99.68,contango,17.14,19.69,-2.55,below 20-obs avg,2.66,2.72,cyclicals leading,-2.4,-1,-1.3,above 20d avg,0.2815,0.28,elevated,146.72,142.23
2026-06-22T19:00:27.000Z,risk-on,5-2,normal,0.27,above 20d avg,101,99.68,contango,17.29,19.76,-2.47,below 20-obs avg,2.66,2.72,cyclicals leading,-2.5,-1.2,-1.3,above 20d avg,0.2814,0.28,elevated,146.72,142.23
2026-06-22T19:00:27.710Z,risk-on,5-2,normal,0.27,above 20d avg,101,99.68,contango,17.29,19.76,-2.47,below 20-obs avg,2.66,2.72,cyclicals leading,-2.5,-1.2,-1.3,above 20d avg,0.2815,0.28,elevated,146.72,142.23
2026-06-22T19:24:06.312Z,risk-on,5-2,normal,0.27,above 20d avg,101.04,99.69,contango,17.53,19.87,-2.34,below 20-obs avg,2.66,2.72,cyclicals leading,-2.6,-1.3,-1.3,above 20d avg,0.2813,0.28,elevated,146.72,142.23
2026-06-22T19:24:06.746Z,risk-on,5-2,normal,0.27,above 20d avg,101.04,99.69,contango,17.53,19.87,-2.34,below 20-obs avg,2.66,2.72,cyclicals leading,-2.6,-1.3,-1.3,above 20d avg,0.2813,0.28,elevated,146.72,142.23
2026-06-22T19:38:27.574Z,risk-on,5-2,normal,0.27,above 20d avg,101.05,99.69,contango,17.48,19.85,-2.37,below 20-obs avg,2.66,2.72,cyclicals leading,-2.4,-1.4,-1.1,above 20d avg,0.2815,0.28,elevated,146.72,142.23
2026-06-22T19:38:28.324Z,risk-on,5-2,normal,0.27,above 20d avg,101.05,99.69,contango,17.48,19.85,-2.37,below 20-obs avg,2.66,2.72,cyclicals leading,-2.4,-1.4,-1,above 20d avg,0.2815,0.28,elevated,146.72,142.23
2026-06-22T20:00:27.571Z,risk-on,5-2,normal,0.27,above 20d avg,101.07,99.69,contango,17.51,19.87,-2.36,below 20-obs avg,2.66,2.72,cyclicals leading,-2.4,-1.3,-1.2,above 20d avg,0.2815,0.28,elevated,146.72,142.23
2026-06-22T20:00:28.324Z,risk-on,5-2,normal,0.27,above 20d avg,101.07,99.69,contango,17.51,19.87,-2.36,below 20-obs avg,2.66,2.72,cyclicals leading,-2.4,-1.3,-1.2,above 20d avg,0.2815,0.28,elevated,146.72,142.23
2026-06-22T20:24:04.153Z,risk-on,5-2,normal,0.27,above 20d avg,101,99.68,contango,17.31,19.77,-2.46,below 20-obs avg,2.66,2.72,cyclicals leading,-2.4,-1.2,-1.2,above 20d avg,0.2816,0.28,elevated,146.72,142.23
2026-06-22T20:24:04.649Z,risk-on,5-2,normal,0.27,above 20d avg,101,99.68,contango,17.3,19.77,-2.47,below 20-obs avg,2.66,2.72,cyclicals leading,-2.4,-1.2,-1.2,above 20d avg,0.2816,0.28,elevated,146.72,142.23
2026-06-22T20:45:25.592Z,risk-on,5-2,normal,0.27,above 20d avg,101.01,99.69,contango,17.28,19.76,-2.48,below 20-obs avg,2.66,2.72,cyclicals leading,-2.4,-1.2,-1.2,above 20d avg,0.2816,0.28,elevated,146.72,142.23
2026-06-22T20:45:25.975Z,risk-on,5-2,normal,0.27,above 20d avg,101.01,99.69,contango,17.28,19.76,-2.48,below 20-obs avg,2.66,2.72,cyclicals leading,-2.4,-1.2,-1.2,above 20d avg,0.2816,0.28,elevated,146.72,142.23
2026-06-22T21:09:04.029Z,risk-on,5-2,normal,0.27,above 20d avg,101,99.68,contango,17.28,19.76,-2.48,below 20-obs avg,2.66,2.72,cyclicals leading,-2.4,-1.2,-1.2,above 20d avg,0.2816,0.28,elevated,146.72,142.23
2026-06-22T21:09:04.407Z,risk-on,5-2,normal,0.27,above 20d avg,101,99.68,contango,17.28,19.76,-2.48,below 20-obs avg,2.66,2.72,cyclicals leading,-2.4,-1.2,-1.2,above 20d avg,0.2816,0.28,elevated,146.72,142.23
2026-06-22T21:30:31.306Z,risk-on,6-1,normal,0.27,above 20d avg,101,99.68,contango,17.28,19.76,-2.48,below 20-obs avg,2.66,2.72,cyclicals leading,-2.4,-1.2,-1.2,above 20d avg,0.2816,0.28,subdued,141.85,142.47
2026-06-22T21:30:31.884Z,risk-on,6-1,normal,0.27,above 20d avg,101,99.68,contango,17.28,19.76,-2.48,below 20-obs avg,2.66,2.72,cyclicals leading,-2.4,-1.2,-1.2,above 20d avg,0.2816,0.28,subdued,141.85,142.47
2026-06-22T21:49:09.419Z,risk-on,6-1,normal,0.27,above 20d avg,101,99.68,contango,17.28,19.76,-2.48,below 20-obs avg,2.66,2.72,cyclicals leading,-2.4,-1.2,-1.2,above 20d avg,0.2816,0.28,subdued,141.85,142.47
2026-06-22T21:49:09.908Z,risk-on,6-1,normal,0.27,above 20d avg,101,99.68,contango,17.28,19.76,-2.48,below 20-obs avg,2.66,2.72,cyclicals leading,-2.4,-1.2,-1.2,above 20d avg,0.2816,0.28,subdued,141.85,142.47
2026-06-23T13:00:27.687Z,risk-on,5-2,normal,0.27,above 20d avg,101.28,99.78,backwardation,20.13,19.57,0.56,below 20-obs avg,2.66,2.72,cyclicals leading,-2.4,-1.2,-1.2,above 20d avg,0.2816,0.28,subdued,141.85,142.47
2026-06-23T13:30:26.423Z,risk-on,4-3,normal,0.27,above 20d avg,101.31,99.78,backwardation,20.11,19.57,0.54,below 20-obs avg,2.66,2.72,defensives leading,-0.7,-2.8,2.2,above 20d avg,0.2839,0.2804,subdued,141.85,142.47
2026-06-23T13:30:28.660Z,risk-on,4-3,normal,0.27,above 20d avg,101.31,99.78,backwardation,20.11,19.57,0.54,below 20-obs avg,2.66,2.72,defensives leading,-0.7,-2.8,2.1,above 20d avg,0.2839,0.2804,subdued,141.85,142.47
2026-06-23T13:45:27.769Z,risk-on,4-3,normal,0.27,above 20d avg,101.24,99.78,backwardation,20.21,19.57,0.64,below 20-obs avg,2.66,2.72,defensives leading,-0.9,-2.7,1.8,above 20d avg,0.2835,0.2804,subdued,141.85,142.47
2026-06-23T13:45:28.456Z,risk-on,4-3,normal,0.27,above 20d avg,101.24,99.78,backwardation,20.21,19.57,0.64,below 20-obs avg,2.66,2.72,defensives leading,-0.9,-2.7,1.8,above 20d avg,0.2835,0.2804,subdued,141.85,142.47
2026-06-23T14:15:26.943Z,risk-on,5-2,normal,0.27,above 20d avg,101.29,99.78,contango,19.49,21.03,-1.54,below 20-obs avg,2.66,2.72,defensives leading,-0.9,-2.4,1.5,above 20d avg,0.2833,0.2804,subdued,141.85,142.47
2026-06-23T14:15:27.649Z,risk-on,5-2,normal,0.27,above 20d avg,101.29,99.78,contango,19.49,21.03,-1.54,below 20-obs avg,2.66,2.72,defensives leading,-0.9,-2.3,1.5,above 20d avg,0.2832,0.2804,subdued,141.85,142.47
2026-06-23T14:45:27.486Z,risk-on,5-2,normal,0.27,above 20d avg,101.37,99.79,contango,19.11,20.84,-1.73,below 20-obs avg,2.66,2.72,defensives leading,-0.9,-2.4,1.6,above 20d avg,0.2835,0.2804,subdued,141.85,142.47
2026-06-23T14:45:27.970Z,risk-on,5-2,normal,0.27,above 20d avg,101.37,99.79,contango,19.11,20.84,-1.73,below 20-obs avg,2.66,2.72,defensives leading,-0.9,-2.4,1.6,above 20d avg,0.2835,0.2804,subdued,141.85,142.47
2026-06-23T15:15:37.487Z,risk-on,5-2,normal,0.27,above 20d avg,101.37,99.79,contango,19.32,20.96,-1.64,below 20-obs avg,2.65,2.72,defensives leading,-1,-2.3,1.3,above 20d avg,0.2841,0.2804,subdued,141.85,142.47
2026-06-23T15:15:38.059Z,risk-on,5-2,normal,0.27,above 20d avg,101.37,99.79,contango,19.32,20.96,-1.64,below 20-obs avg,2.65,2.72,defensives leading,-1,-2.3,1.3,above 20d avg,0.2841,0.2804,subdued,141.85,142.47
2026-06-23T15:45:34.324Z,risk-on,5-2,normal,0.27,above 20d avg,101.35,99.79,contango,19.74,21.23,-1.49,below 20-obs avg,2.65,2.72,defensives leading,-1,-2.3,1.3,above 20d avg,0.2843,0.2804,subdued,141.85,142.47
2026-06-23T15:45:34.779Z,risk-on,5-2,normal,0.27,above 20d avg,101.35,99.79,contango,19.74,21.23,-1.49,below 20-obs avg,2.65,2.72,defensives leading,-1,-2.3,1.3,above 20d avg,0.2843,0.2804,subdued,141.85,142.47
2026-06-23T16:15:30.831Z,risk-on,5-2,normal,0.27,above 20d avg,101.37,99.79,contango,19.44,21.08,-1.64,below 20-obs avg,2.65,2.72,defensives leading,-0.9,-2.2,1.3,above 20d avg,0.2842,0.2804,subdued,141.85,142.47
2026-06-23T16:15:31.257Z,risk-on,5-2,normal,0.27,above 20d avg,101.37,99.79,contango,19.44,21.08,-1.64,below 20-obs avg,2.65,2.72,defensives leading,-0.9,-2.2,1.3,above 20d avg,0.2842,0.2804,subdued,141.85,142.47
2026-06-23T16:16:27.941Z,risk-on,5-2,normal,0.27,above 20d avg,101.37,99.79,contango,19.29,21.02,-1.73,below 20-obs avg,2.65,2.72,defensives leading,-1,-2.3,1.3,above 20d avg,0.2842,0.2804,subdued,141.85,142.47
2026-06-23T16:16:28.767Z,risk-on,5-2,normal,0.27,above 20d avg,101.37,99.79,contango,19.29,21.02,-1.73,below 20-obs avg,2.65,2.72,defensives leading,-1,-2.3,1.3,above 20d avg,0.2842,0.2804,subdued,141.85,142.47
2026-06-23T16:45:31.803Z,risk-on,5-2,normal,0.27,above 20d avg,101.39,99.79,contango,18.99,20.84,-1.85,below 20-obs avg,2.65,2.72,defensives leading,-0.7,-2.3,1.6,above 20d avg,0.2841,0.2804,subdued,141.85,142.47
2026-06-23T16:45:32.398Z,risk-on,5-2,normal,0.27,above 20d avg,101.39,99.79,contango,18.99,20.84,-1.85,below 20-obs avg,2.65,2.72,defensives leading,-0.7,-2.3,1.6,above 20d avg,0.2841,0.2804,subdued,141.85,142.47
2026-06-23T17:15:25.222Z,risk-on,5-2,normal,0.27,above 20d avg,101.41,99.79,contango,18.87,20.73,-1.86,below 20-obs avg,2.65,2.72,defensives leading,-0.7,-2.1,1.4,above 20d avg,0.2841,0.2804,subdued,141.85,142.47
2026-06-23T17:15:25.654Z,risk-on,5-2,normal,0.27,above 20d avg,101.41,99.79,contango,18.87,20.73,-1.86,below 20-obs avg,2.65,2.72,defensives leading,-0.7,-2.1,1.4,above 20d avg,0.2841,0.2804,subdued,141.85,142.47
2026-06-23T17:45:26.538Z,risk-on,5-2,normal,0.27,above 20d avg,101.39,99.79,contango,18.74,20.67,-1.93,below 20-obs avg,2.65,2.72,defensives leading,-0.6,-2.2,1.6,above 20d avg,0.284,0.2804,subdued,141.85,142.47
2026-06-23T17:45:26.963Z,risk-on,5-2,normal,0.27,above 20d avg,101.39,99.79,contango,18.74,20.67,-1.93,below 20-obs avg,2.65,2.72,defensives leading,-0.6,-2.2,1.6,above 20d avg,0.284,0.2804,subdued,141.85,142.47
2026-06-23T18:15:25.246Z,risk-on,5-2,normal,0.27,above 20d avg,101.4,99.79,contango,19.03,20.85,-1.82,below 20-obs avg,2.65,2.72,defensives leading,-0.6,-2.4,1.8,above 20d avg,0.2841,0.2804,subdued,141.85,142.47
2026-06-23T18:15:25.698Z,risk-on,5-2,normal,0.27,above 20d avg,101.4,99.79,contango,19.03,20.85,-1.82,below 20-obs avg,2.65,2.72,defensives leading,-0.6,-2.4,1.8,above 20d avg,0.2841,0.2804,subdued,141.85,142.47
2026-06-23T18:18:03.558Z,risk-on,5-2,normal,0.27,above 20d avg,101.41,99.79,contango,18.89,20.77,-1.88,below 20-obs avg,2.65,2.72,defensives leading,-0.6,-2.4,1.8,above 20d avg,0.2843,0.2804,subdued,141.85,142.47
2026-06-23T18:18:03.967Z,risk-on,5-2,normal,0.27,above 20d avg,101.41,99.79,contango,18.89,20.77,-1.88,below 20-obs avg,2.65,2.72,defensives leading,-0.6,-2.4,1.8,above 20d avg,0.2843,0.2804,subdued,141.85,142.47
2026-06-23T18:45:35.592Z,risk-on,5-2,normal,0.27,above 20d avg,101.41,99.79,contango,19.2,20.9,-1.7,below 20-obs avg,2.65,2.72,defensives leading,-0.8,-2.5,1.7,above 20d avg,0.2844,0.2804,subdued,141.85,142.47
2026-06-23T18:45:36.082Z,risk-on,5-2,normal,0.27,above 20d avg,101.41,99.79,contango,19.2,20.9,-1.7,below 20-obs avg,2.65,2.72,defensives leading,-0.8,-2.5,1.7,above 20d avg,0.2844,0.2804,subdued,141.85,142.47
2026-06-23T19:15:25.290Z,risk-on,5-2,normal,0.27,above 20d avg,101.38,99.79,contango,19.62,21.12,-1.5,below 20-obs avg,2.65,2.72,defensives leading,-0.6,-2.6,2,above 20d avg,0.2844,0.2804,subdued,141.85,142.47
2026-06-23T19:15:25.689Z,risk-on,5-2,normal,0.27,above 20d avg,101.38,99.79,contango,19.62,21.12,-1.5,below 20-obs avg,2.65,2.72,defensives leading,-0.6,-2.6,2,above 20d avg,0.2844,0.2804,subdued,141.85,142.47
2026-06-23T19:45:35.864Z,risk-on,5-2,normal,0.27,above 20d avg,101.38,99.79,contango,19.34,20.94,-1.6,below 20-obs avg,2.65,2.72,defensives leading,-0.5,-2.5,1.9,above 20d avg,0.2844,0.2804,subdued,141.85,142.47
2026-06-23T19:45:36.349Z,risk-on,5-2,normal,0.27,above 20d avg,101.38,99.79,contango,19.34,20.94,-1.6,below 20-obs avg,2.65,2.72,defensives leading,-0.5,-2.5,1.9,above 20d avg,0.2844,0.2804,subdued,141.85,142.47
2026-06-23T20:15:25.617Z,risk-on,5-2,normal,0.34,above 20d avg,101.39,99.79,contango,19.56,21.1,-1.54,below 20-obs avg,2.65,2.72,defensives leading,-0.5,-2.5,2.1,above 20d avg,0.2848,0.2804,subdued,141.85,142.47
2026-06-23T20:15:26.149Z,risk-on,5-2,normal,0.34,above 20d avg,101.39,99.79,contango,19.56,21.1,-1.54,below 20-obs avg,2.65,2.72,defensives leading,-0.5,-2.5,2.1,above 20d avg,0.2848,0.2804,subdued,141.85,142.47
2026-06-23T20:28:25.805Z,risk-on,5-2,normal,0.34,above 20d avg,101.39,99.79,contango,19.51,21.06,-1.55,below 20-obs avg,2.65,2.72,defensives leading,-0.5,-2.6,2.1,above 20d avg,0.2848,0.2804,subdued,141.85,142.47
2026-06-23T20:28:26.259Z,risk-on,5-2,normal,0.34,above 20d avg,101.39,99.79,contango,19.51,21.06,-1.55,below 20-obs avg,2.65,2.72,defensives leading,-0.5,-2.6,2.1,above 20d avg,0.2848,0.2804,subdued,141.85,142.47
2026-06-23T20:46:47.981Z,risk-on,5-2,normal,0.34,above 20d avg,101.39,99.79,contango,19.49,21.06,-1.57,below 20-obs avg,2.65,2.72,defensives leading,-0.5,-2.5,2.1,above 20d avg,0.2848,0.2804,subdued,141.85,142.47
2026-06-23T20:46:48.396Z,risk-on,5-2,normal,0.34,above 20d avg,101.39,99.79,contango,19.49,21.06,-1.57,below 20-obs avg,2.65,2.72,defensives leading,-0.5,-2.5,2.1,above 20d avg,0.2848,0.2804,subdued,141.85,142.47
2026-06-23T21:59:53.227Z,risk-on,4-3,normal,0.34,above 20d avg,101.36,99.79,contango,19.49,21.06,-1.57,below 20-obs avg,2.65,2.72,defensives leading,-0.5,-2.5,2.1,above 20d avg,0.2848,0.2804,elevated,143.14,142.76
2026-06-23T21:59:53.616Z,risk-on,4-3,normal,0.34,above 20d avg,101.36,99.79,contango,19.49,21.06,-1.57,below 20-obs avg,2.65,2.72,defensives leading,-0.5,-2.5,2.1,above 20d avg,0.2848,0.2804,elevated,143.14,142.76
2026-06-24T13:26:58.057Z,risk-on,4-3,normal,0.34,above 20d avg,101.79,99.92,contango,19.23,19.57,-0.34,below 20-obs avg,2.65,2.72,defensives leading,-0.5,-2.5,2.1,above 20d avg,0.2848,0.2804,elevated,143.14,142.76
2026-06-24T15:19:52.653Z,risk-on,4-3,normal,0.34,above 20d avg,101.67,99.91,contango,18.22,20.25,-2.03,below 20-obs avg,2.71,2.72,defensives leading,0.2,-1.3,1.5,above 20d avg,0.2861,0.2809,elevated,143.14,142.76
2026-06-24T15:19:53.239Z,risk-on,4-3,normal,0.34,above 20d avg,101.67,99.91,contango,18.22,20.25,-2.03,below 20-obs avg,2.71,2.72,defensives leading,0.2,-1.3,1.5,above 20d avg,0.2861,0.2809,elevated,143.14,142.76
2026-06-24T15:49:47.745Z,risk-on,4-3,normal,0.34,above 20d avg,101.63,99.91,contango,18.17,20.27,-2.1,below 20-obs avg,2.71,2.72,defensives leading,0.2,-1.5,1.7,above 20d avg,0.2858,0.2809,elevated,143.14,142.76
2026-06-24T15:49:48.537Z,risk-on,4-3,normal,0.34,above 20d avg,101.63,99.91,contango,18.17,20.26,-2.09,below 20-obs avg,2.71,2.72,defensives leading,0.2,-1.5,1.7,above 20d avg,0.2858,0.2809,elevated,143.14,142.76
2026-06-24T15:54:51.519Z,risk-on,4-3,normal,0.34,above 20d avg,101.62,99.91,contango,18.27,20.32,-2.05,below 20-obs avg,2.71,2.72,defensives leading,0.1,-1.6,1.7,above 20d avg,0.2856,0.2809,elevated,143.14,142.76
2026-06-24T15:54:52.027Z,risk-on,4-3,normal,0.34,above 20d avg,101.62,99.91,contango,18.27,20.32,-2.05,below 20-obs avg,2.71,2.72,defensives leading,0.1,-1.6,1.7,above 20d avg,0.2856,0.2809,elevated,143.14,142.76
2026-06-24T16:15:30.159Z,risk-on,4-3,normal,0.34,above 20d avg,101.62,99.91,contango,18.31,20.37,-2.06,below 20-obs avg,2.71,2.72,defensives leading,0.1,-1.5,1.6,above 20d avg,0.2857,0.2809,elevated,143.14,142.76
2026-06-24T16:15:31.031Z,risk-on,4-3,normal,0.34,above 20d avg,101.62,99.91,contango,18.31,20.37,-2.06,below 20-obs avg,2.71,2.72,defensives leading,0.1,-1.5,1.6,above 20d avg,0.2857,0.2809,elevated,143.14,142.76
2026-06-24T16:45:26.604Z,risk-on,4-3,normal,0.34,above 20d avg,101.52,99.91,contango,18.46,20.42,-1.96,below 20-obs avg,2.71,2.72,defensives leading,0.2,-1.7,1.9,above 20d avg,0.2862,0.2809,elevated,143.14,142.76
2026-06-24T16:45:27.392Z,risk-on,4-3,normal,0.34,above 20d avg,101.52,99.91,contango,18.46,20.42,-1.96,below 20-obs avg,2.71,2.72,defensives leading,0.2,-1.7,1.9,above 20d avg,0.2862,0.2809,elevated,143.14,142.76
2026-06-24T17:15:26.396Z,risk-on,4-3,normal,0.34,above 20d avg,101.56,99.91,contango,18.97,20.69,-1.72,below 20-obs avg,2.71,2.72,defensives leading,0.1,-1.9,2.1,above 20d avg,0.2863,0.2809,elevated,143.14,142.76
2026-06-24T17:15:26.893Z,risk-on,4-3,normal,0.34,above 20d avg,101.56,99.91,contango,18.97,20.69,-1.72,below 20-obs avg,2.71,2.72,defensives leading,0.1,-1.9,2.1,above 20d avg,0.2863,0.2809,elevated,143.14,142.76
2026-06-24T17:45:22.121Z,risk-on,4-3,normal,0.34,above 20d avg,101.58,99.91,contango,20.01,21.19,-1.18,below 20-obs avg,2.71,2.72,defensives leading,-0.2,-2.4,2.2,above 20d avg,0.2865,0.2809,elevated,143.14,142.76
2026-06-24T17:45:22.694Z,risk-on,4-3,normal,0.34,above 20d avg,101.58,99.91,contango,20.01,21.19,-1.18,below 20-obs avg,2.71,2.72,defensives leading,-0.2,-2.4,2.2,above 20d avg,0.2865,0.2809,elevated,143.14,142.76
2026-06-24T18:03:49.090Z,risk-on,4-3,normal,0.34,above 20d avg,101.65,99.91,contango,19.89,21.14,-1.25,below 20-obs avg,2.71,2.72,defensives leading,0,-2.4,2.4,above 20d avg,0.2868,0.2809,elevated,143.14,142.76
2026-06-24T18:03:50.941Z,risk-on,4-3,normal,0.34,above 20d avg,101.65,99.91,contango,19.89,21.14,-1.25,below 20-obs avg,2.71,2.72,defensives leading,0,-2.4,2.4,above 20d avg,0.2867,0.2809,elevated,143.14,142.76
2026-06-24T18:30:26.447Z,risk-on,4-3,normal,0.34,above 20d avg,101.62,99.91,contango,19.65,21.03,-1.38,below 20-obs avg,2.71,2.72,defensives leading,0.3,-2,2.3,above 20d avg,0.2869,0.2809,elevated,143.14,142.76
2026-06-24T18:30:27.283Z,risk-on,4-3,normal,0.34,above 20d avg,101.62,99.91,contango,19.65,21.03,-1.38,below 20-obs avg,2.71,2.72,defensives leading,0.3,-2,2.3,above 20d avg,0.2869,0.2809,elevated,143.14,142.76
2026-06-24T19:00:27.918Z,risk-on,4-3,normal,0.34,above 20d avg,101.6,99.91,contango,19.48,20.95,-1.47,below 20-obs avg,2.71,2.72,defensives leading,0.4,-2.6,2.9,above 20d avg,0.2877,0.281,elevated,143.14,142.76
2026-06-24T19:00:28.650Z,risk-on,4-3,normal,0.34,above 20d avg,101.6,99.91,contango,19.48,20.95,-1.47,below 20-obs avg,2.71,2.72,defensives leading,0.4,-2.6,2.9,above 20d avg,0.2877,0.281,elevated,143.14,142.76
2026-06-24T19:30:21.995Z,risk-on,4-3,normal,0.34,above 20d avg,101.63,99.91,contango,20.08,21.21,-1.13,below 20-obs avg,2.71,2.72,defensives leading,0.4,-2.5,2.8,above 20d avg,0.2873,0.281,elevated,143.14,142.76
2026-06-24T19:30:22.701Z,risk-on,4-3,normal,0.34,above 20d avg,101.63,99.91,contango,20.08,21.21,-1.13,below 20-obs avg,2.71,2.72,defensives leading,0.4,-2.5,2.8,above 20d avg,0.2873,0.281,elevated,143.14,142.76
2026-06-24T20:00:26.155Z,risk-on,4-3,normal,0.3,above 20d avg,101.61,99.91,contango,19.93,21.04,-1.11,below 20-obs avg,2.71,2.72,defensives leading,0.3,-2.5,2.8,above 20d avg,0.2872,0.281,elevated,143.14,142.76
2026-06-24T20:00:26.657Z,risk-on,4-3,normal,0.3,above 20d avg,101.61,99.91,contango,19.93,21.04,-1.11,below 20-obs avg,2.71,2.72,defensives leading,0.3,-2.5,2.8,above 20d avg,0.2872,0.281,elevated,143.14,142.76
2026-06-24T20:06:48.030Z,risk-on,4-3,normal,0.3,above 20d avg,101.61,99.91,contango,19.66,20.88,-1.22,below 20-obs avg,2.71,2.72,defensives leading,0.3,-2.3,2.6,above 20d avg,0.2869,0.2809,elevated,143.14,142.76
2026-06-24T20:06:48.423Z,risk-on,4-3,normal,0.3,above 20d avg,101.61,99.91,contango,19.65,20.88,-1.23,below 20-obs avg,2.71,2.72,defensives leading,0.3,-2.3,2.6,above 20d avg,0.2869,0.2809,elevated,143.14,142.76
2026-06-24T20:30:25.757Z,risk-on,4-3,normal,0.3,above 20d avg,101.61,99.91,contango,18.63,20.37,-1.74,below 20-obs avg,2.71,2.72,defensives leading,0.3,-2.3,2.6,above 20d avg,0.2869,0.2809,elevated,143.14,142.76
2026-06-24T20:30:26.515Z,risk-on,4-3,normal,0.3,above 20d avg,101.61,99.91,contango,18.63,20.37,-1.74,below 20-obs avg,2.71,2.72,defensives leading,0.3,-2.3,2.6,above 20d avg,0.2869,0.2809,elevated,143.14,142.76
2026-06-24T21:00:28.831Z,risk-on,4-3,normal,0.3,above 20d avg,101.59,99.91,contango,18.63,20.37,-1.74,below 20-obs avg,2.71,2.72,defensives leading,0.3,-2.3,2.6,above 20d avg,0.2869,0.2809,elevated,143.14,142.76
2026-06-24T21:00:29.454Z,risk-on,4-3,normal,0.3,above 20d avg,101.59,99.91,contango,18.63,20.37,-1.74,below 20-obs avg,2.71,2.72,defensives leading,0.3,-2.3,2.6,above 20d avg,0.2869,0.2809,elevated,143.14,142.76
2026-06-24T21:30:28.219Z,risk-on,4-3,normal,0.3,above 20d avg,101.58,99.91,contango,18.63,20.37,-1.74,below 20-obs avg,2.71,2.72,defensives leading,0.3,-2.3,2.6,above 20d avg,0.2869,0.2809,elevated,145.3,143.07
2026-06-24T21:30:29.076Z,risk-on,4-3,normal,0.3,above 20d avg,101.58,99.91,contango,18.63,20.37,-1.74,below 20-obs avg,2.71,2.72,defensives leading,0.3,-2.3,2.6,above 20d avg,0.2869,0.2809,elevated,145.3,143.07
2026-06-24T21:44:57.636Z,risk-on,4-3,normal,0.3,above 20d avg,101.58,99.91,contango,18.63,20.37,-1.74,below 20-obs avg,2.71,2.72,defensives leading,0.3,-2.3,2.6,above 20d avg,0.2869,0.2809,elevated,145.3,143.07
2026-06-24T21:44:58.081Z,risk-on,4-3,normal,0.3,above 20d avg,101.58,99.91,contango,18.63,20.37,-1.74,below 20-obs avg,2.71,2.72,defensives leading,0.3,-2.3,2.6,above 20d avg,0.2869,0.2809,elevated,145.3,143.07
2026-06-25T13:00:26.222Z,risk-on,4-3,normal,0.3,above 20d avg,101.55,100.03,contango,17.86,19.57,-1.71,below 20-obs avg,2.71,2.72,defensives leading,0.3,-2.3,2.6,above 20d avg,0.2869,0.2809,elevated,145.3,143.07
2026-06-25T13:24:01.622Z,risk-on,4-3,normal,0.3,above 20d avg,101.59,100.03,contango,17.89,19.57,-1.68,below 20-obs avg,2.71,2.72,defensives leading,0.3,-2.3,2.6,above 20d avg,0.2869,0.2809,elevated,145.3,143.07
2026-06-25T13:24:02.483Z,risk-on,4-3,normal,0.3,above 20d avg,101.59,100.03,contango,17.89,19.57,-1.68,below 20-obs avg,2.71,2.72,defensives leading,0.3,-2.3,2.6,above 20d avg,0.2869,0.2809,elevated,145.3,143.07
2026-06-25T13:45:26.404Z,risk-on,4-3,normal,0.3,above 20d avg,101.5,100.03,contango,17.87,19.57,-1.7,below 20-obs avg,2.71,2.72,defensives leading,3.1,-0.7,3.9,above 20d avg,0.2889,0.2816,elevated,145.3,143.07
2026-06-25T13:45:26.844Z,risk-on,4-3,normal,0.3,above 20d avg,101.5,100.03,contango,17.87,19.57,-1.7,below 20-obs avg,2.71,2.72,defensives leading,3.1,-0.7,3.9,above 20d avg,0.2889,0.2816,elevated,145.3,143.07
2026-06-25T14:15:26.343Z,risk-on,4-3,normal,0.3,above 20d avg,101.36,100.02,contango,19.69,20.81,-1.12,below 20-obs avg,2.71,2.72,defensives leading,3.4,-0.4,3.8,above 20d avg,0.2904,0.2816,elevated,145.3,143.07
2026-06-25T14:15:26.844Z,risk-on,4-3,normal,0.3,above 20d avg,101.36,100.02,contango,19.69,20.81,-1.12,below 20-obs avg,2.71,2.72,defensives leading,3.4,-0.3,3.7,above 20d avg,0.2904,0.2816,elevated,145.3,143.07
2026-06-25T14:45:26.625Z,risk-on,4-3,normal,0.3,above 20d avg,101.42,100.02,contango,18.94,20.49,-1.55,below 20-obs avg,2.71,2.72,defensives leading,3,-0.4,3.4,above 20d avg,0.2898,0.2816,elevated,145.3,143.07
2026-06-25T14:45:27.068Z,risk-on,4-3,normal,0.3,above 20d avg,101.42,100.02,contango,18.94,20.49,-1.55,below 20-obs avg,2.71,2.72,defensives leading,3,-0.4,3.4,above 20d avg,0.2897,0.2816,elevated,145.3,143.07
2026-06-25T15:15:26.621Z,risk-on,4-3,normal,0.3,above 20d avg,101.32,100.02,contango,18.9,20.46,-1.56,below 20-obs avg,2.71,2.72,defensives leading,3.2,-0.7,3.9,above 20d avg,0.2896,0.2816,elevated,145.3,143.07
2026-06-25T15:15:27.073Z,risk-on,4-3,normal,0.3,above 20d avg,101.32,100.02,contango,18.9,20.46,-1.56,below 20-obs avg,2.71,2.72,defensives leading,3.2,-0.7,3.9,above 20d avg,0.2896,0.2816,elevated,145.3,143.07
2026-06-25T15:45:25.661Z,risk-on,4-3,normal,0.3,above 20d avg,101.34,100.02,contango,19.09,20.55,-1.46,below 20-obs avg,2.71,2.72,defensives leading,2.6,-0.5,3.1,above 20d avg,0.2888,0.2816,elevated,145.3,143.07
2026-06-25T15:45:26.114Z,risk-on,4-3,normal,0.3,above 20d avg,101.34,100.02,contango,19.09,20.55,-1.46,below 20-obs avg,2.71,2.72,defensives leading,2.6,-0.5,3.1,above 20d avg,0.2888,0.2816,elevated,145.3,143.07
2026-06-25T16:05:05.211Z,risk-on,4-3,normal,0.3,above 20d avg,101.38,100.02,contango,18.96,20.48,-1.52,below 20-obs avg,2.71,2.72,defensives leading,2.4,-0.6,3,above 20d avg,0.2889,0.2816,elevated,145.3,143.07
2026-06-25T16:05:05.704Z,risk-on,4-3,normal,0.3,above 20d avg,101.38,100.02,contango,18.96,20.48,-1.52,below 20-obs avg,2.71,2.72,defensives leading,2.4,-0.6,3,above 20d avg,0.289,0.2816,elevated,145.3,143.07
2026-06-25T16:30:24.205Z,risk-on,4-3,normal,0.3,above 20d avg,101.32,100.02,contango,18.64,20.26,-1.62,below 20-obs avg,2.71,2.72,defensives leading,2.5,-0.5,2.9,above 20d avg,0.2892,0.2816,elevated,145.3,143.07
2026-06-25T16:30:24.797Z,risk-on,4-3,normal,0.3,above 20d avg,101.32,100.02,contango,18.64,20.26,-1.62,below 20-obs avg,2.71,2.72,defensives leading,2.5,-0.5,3,above 20d avg,0.2892,0.2816,elevated,145.3,143.07
2026-06-25T17:00:26.498Z,risk-on,4-3,normal,0.3,above 20d avg,101.4,100.02,contango,19.3,20.61,-1.31,below 20-obs avg,2.71,2.72,defensives leading,2.4,-0.8,3.2,above 20d avg,0.2893,0.2816,elevated,145.3,143.07
2026-06-25T17:00:27.040Z,risk-on,4-3,normal,0.3,above 20d avg,101.4,100.02,contango,19.3,20.61,-1.31,below 20-obs avg,2.71,2.72,defensives leading,2.4,-0.8,3.2,above 20d avg,0.2893,0.2816,elevated,145.3,143.07
2026-06-25T17:30:26.009Z,risk-on,4-3,normal,0.3,above 20d avg,101.42,100.02,contango,18.93,20.39,-1.46,below 20-obs avg,2.71,2.72,defensives leading,2.8,-0.7,3.5,above 20d avg,0.289,0.2816,elevated,145.3,143.07
2026-06-25T17:30:26.554Z,risk-on,4-3,normal,0.3,above 20d avg,101.42,100.02,contango,18.93,20.39,-1.46,below 20-obs avg,2.71,2.72,defensives leading,2.8,-0.7,3.5,above 20d avg,0.289,0.2816,elevated,145.3,143.07
2026-06-25T18:00:25.909Z,risk-on,4-3,normal,0.3,above 20d avg,101.42,100.02,contango,19.07,20.46,-1.39,below 20-obs avg,2.71,2.72,defensives leading,3,-0.7,3.6,above 20d avg,0.289,0.2816,elevated,145.3,143.07
2026-06-25T18:00:26.287Z,risk-on,4-3,normal,0.3,above 20d avg,101.42,100.02,contango,19.07,20.46,-1.39,below 20-obs avg,2.71,2.72,defensives leading,3,-0.7,3.6,above 20d avg,0.289,0.2816,elevated,145.3,143.07
2026-06-25T18:25:26.942Z,risk-off,4-3,normal,0.3,above 20d avg,101.4,100.02,contango,18.92,20.35,-1.43,above 20-obs avg,2.76,2.72,defensives leading,3,-0.4,3.5,above 20d avg,0.2885,0.2815,elevated,145.3,143.07
2026-06-25T18:25:27.818Z,risk-off,4-3,normal,0.3,above 20d avg,101.4,100.02,contango,18.92,20.35,-1.43,above 20-obs avg,2.76,2.72,defensives leading,3,-0.4,3.5,above 20d avg,0.2884,0.2815,elevated,145.3,143.07
2026-06-25T18:45:31.679Z,risk-off,4-3,normal,0.3,above 20d avg,101.41,100.02,contango,18.59,20.17,-1.58,above 20-obs avg,2.76,2.72,defensives leading,3.1,-0.8,3.9,above 20d avg,0.2883,0.2815,elevated,145.3,143.07
2026-06-25T18:45:32.270Z,risk-off,4-3,normal,0.3,above 20d avg,101.41,100.02,contango,18.59,20.17,-1.58,above 20-obs avg,2.76,2.72,defensives leading,3.1,-0.8,3.9,above 20d avg,0.2883,0.2815,elevated,145.3,143.07
2026-06-25T19:15:25.117Z,risk-off,4-3,normal,0.3,above 20d avg,101.43,100.02,contango,18.9,20.37,-1.47,above 20-obs avg,2.76,2.72,defensives leading,3.2,-0.9,4.1,above 20d avg,0.2889,0.2816,elevated,145.3,143.07
2026-06-25T19:15:25.712Z,risk-off,4-3,normal,0.3,above 20d avg,101.43,100.02,contango,18.9,20.37,-1.47,above 20-obs avg,2.76,2.72,defensives leading,3.2,-0.9,4.1,above 20d avg,0.2889,0.2816,elevated,145.3,143.07
2026-06-25T19:45:27.080Z,risk-off,4-3,normal,0.3,above 20d avg,101.39,100.02,contango,19.12,20.49,-1.37,above 20-obs avg,2.76,2.72,defensives leading,3.2,-1.1,4.2,above 20d avg,0.289,0.2816,elevated,145.3,143.07
2026-06-25T19:45:27.503Z,risk-off,4-3,normal,0.3,above 20d avg,101.39,100.02,contango,19.12,20.49,-1.37,above 20-obs avg,2.76,2.72,defensives leading,3.2,-1.1,4.2,above 20d avg,0.289,0.2816,elevated,145.3,143.07
2026-06-25T20:15:25.776Z,risk-off,4-3,normal,0.31,above 20d avg,101.43,100.02,contango,18.84,20.31,-1.47,above 20-obs avg,2.76,2.72,defensives leading,3.1,-0.9,4,above 20d avg,0.2884,0.2815,elevated,145.3,143.07
2026-06-25T20:15:26.199Z,risk-off,4-3,normal,0.31,above 20d avg,101.43,100.02,contango,18.84,20.31,-1.47,above 20-obs avg,2.76,2.72,defensives leading,3.1,-0.9,4,above 20d avg,0.2884,0.2815,elevated,145.3,143.07
2026-06-25T20:33:47.624Z,risk-off,4-3,normal,0.31,above 20d avg,101.43,100.02,contango,18.89,20.33,-1.44,above 20-obs avg,2.76,2.72,defensives leading,3.1,-0.9,4,above 20d avg,0.2884,0.2815,elevated,145.3,143.07
2026-06-25T20:33:48.165Z,risk-off,4-3,normal,0.31,above 20d avg,101.43,100.02,contango,18.89,20.33,-1.44,above 20-obs avg,2.76,2.72,defensives leading,3.1,-0.9,4,above 20d avg,0.2884,0.2815,elevated,145.3,143.07
2026-06-26T13:05:08.454Z,risk-off,4-3,normal,0.31,above 20d avg,101.17,100.13,backwardation,20.14,19.57,0.57,above 20-obs avg,2.76,2.72,defensives leading,3.1,-0.9,4,above 20d avg,0.2884,0.2815,subdued,139.89,143.14
2026-06-26T13:18:14.257Z,risk-off,4-3,normal,0.31,above 20d avg,101.09,100.13,backwardation,20.17,19.57,0.6,above 20-obs avg,2.76,2.72,defensives leading,3.1,-0.9,4,above 20d avg,0.2884,0.2815,subdued,139.89,143.14
2026-06-26T13:18:14.693Z,risk-off,4-3,normal,0.31,above 20d avg,101.09,100.13,backwardation,20.17,19.57,0.6,above 20-obs avg,2.76,2.72,defensives leading,3.1,-0.9,4,above 20d avg,0.2884,0.2815,subdued,139.89,143.14
2026-06-26T13:45:30.748Z,risk-off,4-3,normal,0.31,above 20d avg,101.1,100.13,backwardation,20.24,19.57,0.67,above 20-obs avg,2.76,2.72,defensives leading,2.8,-0.4,3.2,above 20d avg,0.2908,0.2823,subdued,139.89,143.14
2026-06-26T13:45:31.464Z,risk-off,4-3,normal,0.31,above 20d avg,101.1,100.13,backwardation,20.24,19.57,0.67,above 20-obs avg,2.76,2.72,defensives leading,2.8,-0.4,3.2,above 20d avg,0.2908,0.2823,subdued,139.89,143.14
2026-06-26T14:05:09.115Z,risk-on,4-3,normal,0.31,above 20d avg,101.12,100.13,contango,20.22,21.17,-0.95,above 20-obs avg,2.76,2.72,defensives leading,2.8,-0.1,2.9,above 20d avg,0.2901,0.2822,subdued,139.89,143.14
2026-06-26T14:05:10.290Z,risk-on,4-3,normal,0.31,above 20d avg,101.12,100.13,contango,20.22,21.17,-0.95,above 20-obs avg,2.76,2.72,defensives leading,2.8,-0.1,2.9,above 20d avg,0.2901,0.2822,subdued,139.89,143.14
2026-06-26T14:30:38.198Z,risk-on,4-3,normal,0.31,above 20d avg,101.09,100.13,contango,19.17,20.57,-1.4,above 20-obs avg,2.76,2.72,defensives leading,2.8,0.1,2.8,above 20d avg,0.2897,0.2822,subdued,139.89,143.14
2026-06-26T14:30:39.052Z,risk-on,4-3,normal,0.31,above 20d avg,101.09,100.13,contango,19.17,20.57,-1.4,above 20-obs avg,2.76,2.72,defensives leading,2.8,0.1,2.8,above 20d avg,0.2897,0.2822,subdued,139.89,143.14
2026-06-26T14:50:08.294Z,risk-on,4-3,normal,0.31,above 20d avg,101.14,100.13,contango,19.14,20.53,-1.39,above 20-obs avg,2.78,2.72,defensives leading,2.7,-0.2,2.9,above 20d avg,0.2897,0.2822,subdued,139.89,143.14
2026-06-26T14:50:09.489Z,risk-on,4-3,normal,0.31,above 20d avg,101.14,100.13,contango,19.14,20.53,-1.39,above 20-obs avg,2.78,2.72,defensives leading,2.7,-0.2,2.9,above 20d avg,0.2897,0.2822,subdued,139.89,143.14
2026-06-26T15:15:24.867Z,risk-on,4-3,normal,0.31,above 20d avg,101.29,100.14,contango,19.31,20.61,-1.3,above 20-obs avg,2.78,2.72,defensives leading,2.8,-0.3,3.1,above 20d avg,0.29,0.2822,subdued,139.89,143.14
2026-06-26T15:15:25.490Z,risk-on,4-3,normal,0.31,above 20d avg,101.29,100.14,contango,19.31,20.61,-1.3,above 20-obs avg,2.78,2.72,defensives leading,2.8,-0.3,3.1,above 20d avg,0.29,0.2822,subdued,139.89,143.14
2026-06-26T15:34:24.342Z,risk-on,4-3,normal,0.31,above 20d avg,101.22,100.13,contango,19.2,20.56,-1.36,above 20-obs avg,2.78,2.72,defensives leading,3,0,3,above 20d avg,0.2898,0.2822,subdued,139.89,143.14
2026-06-26T15:34:24.764Z,risk-on,4-3,normal,0.31,above 20d avg,101.22,100.13,contango,19.2,20.56,-1.36,above 20-obs avg,2.78,2.72,defensives leading,3,0,3,above 20d avg,0.2898,0.2822,subdued,139.89,143.14
2026-06-26T16:00:28.717Z,risk-on,4-3,normal,0.31,above 20d avg,101.21,100.13,contango,18.66,20.27,-1.61,above 20-obs avg,2.78,2.72,defensives leading,3.1,0.2,2.9,above 20d avg,0.2896,0.2822,subdued,139.89,143.14
2026-06-26T16:00:29.499Z,risk-on,4-3,normal,0.31,above 20d avg,101.21,100.13,contango,18.66,20.27,-1.61,above 20-obs avg,2.78,2.72,defensives leading,3.1,0.2,2.9,above 20d avg,0.2896,0.2822,subdued,139.89,143.14
2026-06-26T16:20:07.243Z,risk-on,4-3,normal,0.31,above 20d avg,101.25,100.13,contango,18.8,20.35,-1.55,above 20-obs avg,2.78,2.72,defensives leading,3.1,0,3,above 20d avg,0.2899,0.2822,subdued,139.89,143.14
2026-06-26T16:20:07.970Z,risk-on,4-3,normal,0.31,above 20d avg,101.25,100.13,contango,18.8,20.35,-1.55,above 20-obs avg,2.78,2.72,defensives leading,3,0,3,above 20d avg,0.2899,0.2822,subdued,139.89,143.14
2026-06-26T16:45:25.520Z,risk-on,4-3,normal,0.31,above 20d avg,101.33,100.14,contango,19.14,20.54,-1.4,above 20-obs avg,2.78,2.72,defensives leading,2.9,-0.2,3.1,above 20d avg,0.2896,0.2822,subdued,139.89,143.14
2026-06-26T16:45:26.643Z,risk-on,4-3,normal,0.31,above 20d avg,101.33,100.14,contango,19.14,20.54,-1.4,above 20-obs avg,2.78,2.72,defensives leading,2.9,-0.2,3.1,above 20d avg,0.2895,0.2822,subdued,139.89,143.14
2026-06-26T17:05:06.714Z,risk-on,4-3,normal,0.31,above 20d avg,101.33,100.14,contango,18.95,20.42,-1.47,above 20-obs avg,2.78,2.72,defensives leading,2.9,-0.2,3.1,above 20d avg,0.2894,0.2822,subdued,139.89,143.14
2026-06-26T17:05:07.680Z,risk-on,4-3,normal,0.31,above 20d avg,101.33,100.14,contango,18.95,20.42,-1.47,above 20-obs avg,2.78,2.72,defensives leading,2.9,-0.2,3.1,above 20d avg,0.2894,0.2822,subdued,139.89,143.14
2026-06-26T17:23:35.480Z,risk-on,4-3,normal,0.31,above 20d avg,101.31,100.14,contango,18.72,20.29,-1.57,above 20-obs avg,2.78,2.72,defensives leading,3,-0.3,3.3,above 20d avg,0.2893,0.2822,subdued,139.89,143.14
2026-06-26T17:23:36.158Z,risk-on,4-3,normal,0.31,above 20d avg,101.31,100.14,contango,18.72,20.29,-1.57,above 20-obs avg,2.78,2.72,defensives leading,3,-0.3,3.3,above 20d avg,0.2893,0.2822,subdued,139.89,143.14
2026-06-26T17:45:29.855Z,risk-on,4-3,normal,0.31,above 20d avg,101.35,100.14,contango,18.68,20.27,-1.59,above 20-obs avg,2.78,2.72,defensives leading,3,-0.2,3.2,above 20d avg,0.2892,0.2822,subdued,139.89,143.14
2026-06-26T17:45:30.592Z,risk-on,4-3,normal,0.31,above 20d avg,101.35,100.14,contango,18.68,20.27,-1.59,above 20-obs avg,2.78,2.72,defensives leading,3,-0.2,3.2,above 20d avg,0.2893,0.2822,subdued,139.89,143.14
2026-06-26T18:05:08.557Z,risk-on,4-3,normal,0.31,above 20d avg,101.34,100.14,contango,18.86,20.35,-1.49,above 20-obs avg,2.78,2.72,defensives leading,2.9,-0.2,3.1,above 20d avg,0.2893,0.2822,subdued,139.89,143.14
2026-06-26T18:05:09.855Z,risk-on,4-3,normal,0.31,above 20d avg,101.34,100.14,contango,18.86,20.35,-1.49,above 20-obs avg,2.78,2.72,defensives leading,2.9,-0.2,3.1,above 20d avg,0.2893,0.2822,subdued,139.89,143.14
2026-06-26T18:30:26.320Z,risk-on,4-3,normal,0.31,above 20d avg,101.34,100.14,contango,18.72,20.27,-1.55,above 20-obs avg,2.78,2.72,defensives leading,2.9,-0.2,3.1,above 20d avg,0.2896,0.2822,subdued,139.89,143.14
2026-06-26T18:30:26.941Z,risk-on,4-3,normal,0.31,above 20d avg,101.34,100.14,contango,18.72,20.27,-1.55,above 20-obs avg,2.78,2.72,defensives leading,2.9,-0.2,3.1,above 20d avg,0.2896,0.2822,subdued,139.89,143.14
2026-06-26T18:50:08.605Z,risk-on,4-3,normal,0.31,above 20d avg,101.32,100.14,contango,18.72,20.28,-1.56,above 20-obs avg,2.78,2.72,defensives leading,2.9,-0.4,3.3,above 20d avg,0.2896,0.2822,subdued,139.89,143.14
2026-06-26T18:50:09.595Z,risk-on,4-3,normal,0.31,above 20d avg,101.32,100.14,contango,18.72,20.28,-1.56,above 20-obs avg,2.78,2.72,defensives leading,2.9,-0.4,3.3,above 20d avg,0.2896,0.2822,subdued,139.89,143.14
2026-06-26T19:15:25.323Z,risk-on,4-3,normal,0.31,above 20d avg,101.36,100.14,contango,19.13,20.46,-1.33,above 20-obs avg,2.78,2.72,defensives leading,2.9,-0.3,3.2,above 20d avg,0.2894,0.2822,subdued,139.89,143.14
2026-06-26T19:15:25.979Z,risk-on,4-3,normal,0.31,above 20d avg,101.36,100.14,contango,19.13,20.46,-1.33,above 20-obs avg,2.78,2.72,defensives leading,2.9,-0.3,3.2,above 20d avg,0.2894,0.2822,subdued,139.89,143.14
2026-06-26T19:17:53.253Z,risk-on,4-3,normal,0.31,above 20d avg,101.35,100.14,contango,18.89,20.36,-1.47,above 20-obs avg,2.78,2.72,defensives leading,2.9,-0.3,3.2,above 20d avg,0.2894,0.2822,subdued,139.89,143.14
2026-06-26T19:17:54.067Z,risk-on,4-3,normal,0.31,above 20d avg,101.35,100.14,contango,18.89,20.36,-1.47,above 20-obs avg,2.78,2.72,defensives leading,2.9,-0.3,3.2,above 20d avg,0.2894,0.2822,subdued,139.89,143.14
2026-06-26T19:45:26.708Z,risk-on,4-3,normal,0.31,above 20d avg,101.36,100.14,contango,18.87,20.32,-1.45,above 20-obs avg,2.78,2.72,defensives leading,2.8,-0.4,3.2,above 20d avg,0.2892,0.2822,subdued,139.89,143.14
2026-06-26T19:45:27.497Z,risk-on,4-3,normal,0.31,above 20d avg,101.36,100.14,contango,18.87,20.32,-1.45,above 20-obs avg,2.78,2.72,defensives leading,2.8,-0.4,3.2,above 20d avg,0.2892,0.2822,subdued,139.89,143.14
2026-06-26T20:15:25.602Z,risk-on,4-3,normal,0.31,above 20d avg,101.34,100.14,contango,19.29,20.32,-1.03,above 20-obs avg,2.78,2.72,defensives leading,3.2,-0.2,3.4,above 20d avg,0.2885,0.2822,subdued,139.89,143.14
2026-06-26T20:15:26.345Z,risk-on,4-3,normal,0.31,above 20d avg,101.34,100.14,contango,19.29,20.32,-1.03,above 20-obs avg,2.78,2.72,defensives leading,3.2,-0.2,3.4,above 20d avg,0.2885,0.2822,subdued,139.89,143.14
2026-06-26T20:45:27.511Z,risk-on,4-3,normal,0.31,above 20d avg,101.33,100.14,contango,18.41,20.13,-1.72,above 20-obs avg,2.78,2.72,defensives leading,3.2,-0.2,3.4,above 20d avg,0.2885,0.2822,subdued,139.89,143.14
2026-06-26T20:45:28.354Z,risk-on,4-3,normal,0.31,above 20d avg,101.33,100.14,contango,18.41,20.13,-1.72,above 20-obs avg,2.78,2.72,defensives leading,3.2,-0.2,3.4,above 20d avg,0.2885,0.2822,subdued,139.89,143.14
2026-06-26T21:00:15.014Z,risk-on,4-3,normal,0.31,above 20d avg,101.35,100.14,contango,18.41,20.13,-1.72,above 20-obs avg,2.78,2.72,defensives leading,3.2,-0.2,3.4,above 20d avg,0.2885,0.2822,subdued,139.89,143.14
2026-06-26T21:00:15.422Z,risk-on,4-3,normal,0.31,above 20d avg,101.35,100.14,contango,18.41,20.13,-1.72,above 20-obs avg,2.78,2.72,defensives leading,3.2,-0.2,3.4,above 20d avg,0.2885,0.2822,subdued,139.89,143.14
2026-06-26T21:30:27.980Z,risk-on,4-3,normal,0.31,above 20d avg,101.37,100.14,contango,18.41,20.13,-1.72,above 20-obs avg,2.78,2.72,defensives leading,3.2,-0.2,3.4,above 20d avg,0.2885,0.2822,subdued,139.4,143.13
2026-06-26T21:30:28.569Z,risk-on,4-3,normal,0.31,above 20d avg,101.37,100.14,contango,18.41,20.13,-1.72,above 20-obs avg,2.78,2.72,defensives leading,3.2,-0.2,3.4,above 20d avg,0.2885,0.2822,subdued,139.4,143.13
2026-06-29T12:40:39.934Z,risk-on,4-3,normal,0.31,above 20d avg,101.25,100.26,contango,18.25,20.13,-1.88,above 20-obs avg,2.78,2.72,defensives leading,3.2,-0.2,3.4,above 20d avg,0.2885,0.2822,subdued,139.4,143.13
2026-06-29T13:00:26.231Z,risk-on,4-3,normal,0.31,above 20d avg,101.27,100.26,contango,18.36,20.13,-1.77,above 20-obs avg,2.78,2.72,defensives leading,3.2,-0.2,3.4,above 20d avg,0.2885,0.2822,subdued,139.4,143.13
2026-06-29T13:00:26.677Z,risk-on,4-3,normal,0.31,above 20d avg,101.27,100.26,contango,18.36,20.13,-1.77,above 20-obs avg,2.78,2.72,defensives leading,3.2,-0.2,3.4,above 20d avg,0.2885,0.2822,subdued,139.4,143.13
2026-06-29T13:25:37.979Z,risk-on,4-3,normal,0.31,above 20d avg,101.25,100.26,contango,18.21,20.13,-1.92,above 20-obs avg,2.78,2.72,defensives leading,3.2,-0.2,3.4,above 20d avg,0.2885,0.2822,subdued,139.4,143.13
2026-06-29T13:25:38.418Z,risk-on,4-3,normal,0.31,above 20d avg,101.25,100.26,contango,18.21,20.13,-1.92,above 20-obs avg,2.78,2.72,defensives leading,3.2,-0.2,3.4,above 20d avg,0.2885,0.2822,subdued,139.4,143.13
2026-06-29T13:45:26.963Z,risk-on,4-3,normal,0.31,above 20d avg,101.22,100.26,contango,18.27,20.13,-1.86,above 20-obs avg,2.78,2.72,defensives leading,3.3,0.5,2.8,above 20d avg,0.2884,0.2828,subdued,139.4,143.13
2026-06-29T13:45:27.566Z,risk-on,4-3,normal,0.31,above 20d avg,101.22,100.26,contango,18.27,20.13,-1.86,above 20-obs avg,2.78,2.72,defensives leading,3.3,0.5,2.8,above 20d avg,0.2884,0.2828,subdued,139.4,143.13
2026-06-29T14:10:39.444Z,risk-on,4-3,normal,0.31,above 20d avg,101.19,100.25,contango,18.23,19.78,-1.55,above 20-obs avg,2.78,2.72,defensives leading,3.2,0.2,2.9,above 20d avg,0.2892,0.2828,subdued,139.4,143.13
2026-06-29T14:10:39.922Z,risk-on,4-3,normal,0.31,above 20d avg,101.19,100.25,contango,18.23,19.78,-1.55,above 20-obs avg,2.78,2.72,defensives leading,3.2,0.2,2.9,above 20d avg,0.2892,0.2828,subdued,139.4,143.13
2026-06-29T14:30:25.232Z,risk-on,4-3,normal,0.31,above 20d avg,101.19,100.25,contango,19.44,20.46,-1.02,above 20-obs avg,2.78,2.72,defensives leading,3.1,0.5,2.6,above 20d avg,0.2892,0.2828,subdued,139.4,143.13
2026-06-29T14:30:25.858Z,risk-on,4-3,normal,0.31,above 20d avg,101.19,100.25,contango,19.44,20.46,-1.02,above 20-obs avg,2.78,2.72,defensives leading,3.1,0.5,2.6,above 20d avg,0.2892,0.2828,subdued,139.4,143.13
2026-06-29T14:52:31.205Z,risk-on,4-3,normal,0.31,above 20d avg,101.15,100.25,contango,18.46,19.89,-1.43,above 20-obs avg,2.83,2.73,defensives leading,2.9,0.3,2.6,above 20d avg,0.2884,0.2828,subdued,139.4,143.13
2026-06-29T14:52:31.637Z,risk-on,4-3,normal,0.31,above 20d avg,101.15,100.25,contango,18.46,19.89,-1.43,above 20-obs avg,2.83,2.73,defensives leading,2.9,0.3,2.6,above 20d avg,0.2884,0.2828,subdued,139.4,143.13
2026-06-29T15:10:39.619Z,risk-on,4-3,normal,0.31,above 20d avg,101.15,100.25,contango,18.4,19.86,-1.46,above 20-obs avg,2.83,2.73,defensives leading,2.7,0.2,2.6,above 20d avg,0.2882,0.2828,subdued,139.4,143.13
2026-06-29T15:10:40.049Z,risk-on,4-3,normal,0.31,above 20d avg,101.15,100.25,contango,18.4,19.86,-1.46,above 20-obs avg,2.83,2.73,defensives leading,2.7,0.2,2.6,above 20d avg,0.2882,0.2828,subdued,139.4,143.13
2026-06-29T15:30:26.557Z,risk-on,4-3,normal,0.31,above 20d avg,101.16,100.25,contango,18.21,19.77,-1.56,above 20-obs avg,2.83,2.73,defensives leading,2.7,0.1,2.6,above 20d avg,0.2877,0.2827,subdued,139.4,143.13
2026-06-29T15:30:27.080Z,risk-on,4-3,normal,0.31,above 20d avg,101.16,100.25,contango,18.21,19.77,-1.56,above 20-obs avg,2.83,2.73,defensives leading,2.7,0.1,2.6,above 20d avg,0.2877,0.2827,subdued,139.4,143.13
2026-06-29T15:55:39.523Z,risk-on,4-3,normal,0.31,above 20d avg,101.14,100.25,contango,18.07,19.67,-1.6,above 20-obs avg,2.83,2.73,defensives leading,2.6,0.2,2.4,above 20d avg,0.2876,0.2827,subdued,139.4,143.13
2026-06-29T15:55:40.146Z,risk-on,4-3,normal,0.31,above 20d avg,101.14,100.25,contango,18.07,19.67,-1.6,above 20-obs avg,2.83,2.73,defensives leading,2.6,0.2,2.4,above 20d avg,0.2876,0.2827,subdued,139.4,143.13
2026-06-29T16:15:25.570Z,risk-on,4-3,normal,0.31,above 20d avg,101.11,100.25,contango,17.86,19.56,-1.7,above 20-obs avg,2.83,2.73,defensives leading,2.6,0.3,2.3,above 20d avg,0.2878,0.2827,subdued,139.4,143.13
2026-06-29T16:15:25.961Z,risk-on,4-3,normal,0.31,above 20d avg,101.11,100.25,contango,17.86,19.56,-1.7,above 20-obs avg,2.83,2.73,defensives leading,2.6,0.3,2.3,above 20d avg,0.2878,0.2827,subdued,139.4,143.13
2026-06-29T16:40:38.140Z,risk-on,4-3,normal,0.31,above 20d avg,101.12,100.25,contango,17.81,19.53,-1.72,above 20-obs avg,2.83,2.73,defensives leading,3,0.2,2.8,above 20d avg,0.2879,0.2828,subdued,139.4,143.13
2026-06-29T16:40:38.541Z,risk-on,4-3,normal,0.31,above 20d avg,101.12,100.25,contango,17.81,19.53,-1.72,above 20-obs avg,2.83,2.73,defensives leading,3,0.2,2.8,above 20d avg,0.2879,0.2828,subdued,139.4,143.13
2026-06-29T17:00:26.356Z,risk-on,4-3,normal,0.31,above 20d avg,101.08,100.25,contango,17.92,19.57,-1.65,above 20-obs avg,2.83,2.73,defensives leading,2.8,0.2,2.6,above 20d avg,0.2875,0.2827,subdued,139.4,143.13
2026-06-29T17:00:26.959Z,risk-on,4-3,normal,0.31,above 20d avg,101.08,100.25,contango,17.92,19.57,-1.65,above 20-obs avg,2.83,2.73,defensives leading,2.8,0.2,2.6,above 20d avg,0.2875,0.2827,subdued,139.4,143.13
2026-06-29T17:25:38.915Z,risk-on,4-3,normal,0.31,above 20d avg,101.1,100.25,contango,17.81,19.51,-1.7,above 20-obs avg,2.83,2.73,defensives leading,2.6,0.2,2.4,above 20d avg,0.2875,0.2827,subdued,139.4,143.13
2026-06-29T17:25:39.301Z,risk-on,4-3,normal,0.31,above 20d avg,101.1,100.25,contango,17.81,19.51,-1.7,above 20-obs avg,2.83,2.73,defensives leading,2.6,0.2,2.4,above 20d avg,0.2875,0.2827,subdued,139.4,143.13
2026-06-29T17:29:56.217Z,risk-on,4-3,normal,0.31,above 20d avg,101.12,100.25,contango,17.76,19.48,-1.72,above 20-obs avg,2.83,2.73,defensives leading,2.6,0.3,2.4,above 20d avg,0.2873,0.2827,subdued,139.4,143.13
2026-06-29T17:29:56.852Z,risk-on,4-3,normal,0.31,above 20d avg,101.12,100.25,contango,17.76,19.48,-1.72,above 20-obs avg,2.83,2.73,defensives leading,2.6,0.3,2.4,above 20d avg,0.2873,0.2827,subdued,139.4,143.13
2026-06-29T17:55:39.745Z,risk-on,4-3,normal,0.31,above 20d avg,101.12,100.25,contango,17.77,19.53,-1.76,above 20-obs avg,2.83,2.73,defensives leading,2.6,0.4,2.3,above 20d avg,0.2873,0.2827,subdued,139.4,143.13
2026-06-29T17:55:40.432Z,risk-on,4-3,normal,0.31,above 20d avg,101.12,100.25,contango,17.77,19.53,-1.76,above 20-obs avg,2.83,2.73,defensives leading,2.6,0.4,2.3,above 20d avg,0.2873,0.2827,subdued,139.4,143.13
2026-06-29T18:15:25.498Z,risk-on,4-3,normal,0.31,above 20d avg,101.1,100.25,contango,17.75,19.55,-1.8,above 20-obs avg,2.83,2.73,defensives leading,2.7,0.4,2.3,above 20d avg,0.2874,0.2827,subdued,139.4,143.13
2026-06-29T18:15:25.999Z,risk-on,4-3,normal,0.31,above 20d avg,101.1,100.25,contango,17.75,19.55,-1.8,above 20-obs avg,2.83,2.73,defensives leading,2.7,0.4,2.3,above 20d avg,0.2874,0.2827,subdued,139.4,143.13
2026-06-29T18:40:39.066Z,risk-on,4-3,normal,0.31,above 20d avg,101.09,100.25,contango,17.69,19.53,-1.84,above 20-obs avg,2.83,2.73,defensives leading,2.6,0.3,2.3,above 20d avg,0.2872,0.2827,subdued,139.4,143.13
2026-06-29T18:40:39.791Z,risk-on,4-3,normal,0.31,above 20d avg,101.09,100.25,contango,17.69,19.53,-1.84,above 20-obs avg,2.83,2.73,defensives leading,2.6,0.3,2.3,above 20d avg,0.2872,0.2827,subdued,139.4,143.13
2026-06-29T19:00:26.698Z,risk-on,4-3,normal,0.31,above 20d avg,101.09,100.25,contango,17.61,19.48,-1.87,above 20-obs avg,2.83,2.73,defensives leading,2.8,0.4,2.4,above 20d avg,0.2873,0.2827,subdued,139.4,143.13
2026-06-29T19:00:27.357Z,risk-on,4-3,normal,0.31,above 20d avg,101.09,100.25,contango,17.61,19.48,-1.87,above 20-obs avg,2.83,2.73,defensives leading,2.8,0.4,2.4,above 20d avg,0.2873,0.2827,subdued,139.4,143.13
2026-06-29T19:23:37.780Z,risk-on,4-3,normal,0.31,above 20d avg,101.13,100.25,contango,17.58,19.5,-1.92,above 20-obs avg,2.83,2.73,defensives leading,2.8,0.3,2.4,above 20d avg,0.2872,0.2827,subdued,139.4,143.13
2026-06-29T19:23:38.294Z,risk-on,4-3,normal,0.31,above 20d avg,101.13,100.25,contango,17.58,19.5,-1.92,above 20-obs avg,2.83,2.73,defensives leading,2.8,0.3,2.4,above 20d avg,0.2872,0.2827,subdued,139.4,143.13
2026-06-29T19:45:26.398Z,risk-on,4-3,normal,0.31,above 20d avg,101.1,100.25,contango,17.56,19.49,-1.93,above 20-obs avg,2.83,2.73,defensives leading,2.6,0.3,2.3,above 20d avg,0.2871,0.2827,subdued,139.4,143.13
2026-06-29T19:45:26.842Z,risk-on,4-3,normal,0.31,above 20d avg,101.1,100.25,contango,17.56,19.49,-1.93,above 20-obs avg,2.83,2.73,defensives leading,2.6,0.3,2.3,above 20d avg,0.2871,0.2827,subdued,139.4,143.13
2026-06-29T20:10:46.103Z,risk-on,4-3,normal,0.28,above 20d avg,101.1,100.25,contango,17.58,19.49,-1.91,above 20-obs avg,2.83,2.73,defensives leading,2.9,0.3,2.6,above 20d avg,0.2875,0.2827,subdued,139.4,143.13
2026-06-29T20:10:46.701Z,risk-on,4-3,normal,0.28,above 20d avg,101.1,100.25,contango,17.59,19.5,-1.91,above 20-obs avg,2.83,2.73,defensives leading,2.9,0.3,2.6,above 20d avg,0.2875,0.2827,subdued,139.4,143.13
2026-06-29T20:30:25.481Z,risk-on,4-3,normal,0.28,above 20d avg,101.09,100.25,contango,17.65,19.53,-1.88,above 20-obs avg,2.83,2.73,defensives leading,2.9,0.3,2.6,above 20d avg,0.2875,0.2827,subdued,139.4,143.13
2026-06-29T20:30:25.898Z,risk-on,4-3,normal,0.28,above 20d avg,101.09,100.25,contango,17.65,19.53,-1.88,above 20-obs avg,2.83,2.73,defensives leading,2.9,0.3,2.6,above 20d avg,0.2875,0.2827,subdued,139.4,143.13
2026-06-29T21:07:24.179Z,risk-on,4-3,normal,0.28,above 20d avg,101.12,100.25,contango,17.65,19.53,-1.88,above 20-obs avg,2.83,2.73,defensives leading,2.9,0.3,2.6,above 20d avg,0.2875,0.2827,subdued,139.4,143.13
2026-06-29T21:07:24.619Z,risk-on,4-3,normal,0.28,above 20d avg,101.12,100.25,contango,17.65,19.53,-1.88,above 20-obs avg,2.83,2.73,defensives leading,2.9,0.3,2.6,above 20d avg,0.2875,0.2827,subdued,139.4,143.13
2026-06-30T12:55:56.789Z,risk-off,4-3,normal,0.28,above 20d avg,101.37,100.36,contango,17.63,20.13,-2.5,above 20-obs avg,2.83,2.73,defensives leading,2.9,0.3,2.6,above 20d avg,0.2875,0.2827,elevated,144.46,143.15
2026-06-30T13:11:50.913Z,risk-off,4-3,normal,0.28,above 20d avg,101.36,100.36,contango,17.63,20.13,-2.5,above 20-obs avg,2.83,2.73,defensives leading,2.9,0.3,2.6,above 20d avg,0.2875,0.2827,elevated,144.46,143.15
2026-06-30T13:11:51.310Z,risk-off,4-3,normal,0.28,above 20d avg,101.36,100.36,contango,17.63,20.13,-2.5,above 20-obs avg,2.83,2.73,defensives leading,2.9,0.3,2.6,above 20d avg,0.2875,0.2827,elevated,144.46,143.15
2026-06-30T13:40:56.640Z,risk-off,4-3,normal,0.28,above 20d avg,101.3,100.36,contango,17.69,20.13,-2.44,above 20-obs avg,2.83,2.73,defensives leading,1,-0.1,1.1,above 20d avg,0.2862,0.2833,elevated,144.46,143.15
2026-06-30T13:40:57.079Z,risk-off,4-3,normal,0.28,above 20d avg,101.3,100.36,contango,17.69,20.13,-2.44,above 20-obs avg,2.83,2.73,defensives leading,1,-0.1,1.1,above 20d avg,0.2862,0.2833,elevated,144.46,143.15
2026-06-30T14:10:57.044Z,risk-off,4-3,normal,0.28,above 20d avg,101.37,100.36,contango,17.26,19.34,-2.08,above 20-obs avg,2.8,2.73,defensives leading,1.1,-0.2,1.3,above 20d avg,0.286,0.2832,elevated,144.46,143.15
2026-06-30T14:10:57.470Z,risk-off,4-3,normal,0.28,above 20d avg,101.37,100.36,contango,17.26,19.34,-2.08,above 20-obs avg,2.8,2.73,defensives leading,1.1,-0.2,1.3,above 20d avg,0.286,0.2832,elevated,144.46,143.15
2026-06-30T14:40:55.772Z,risk-off,4-3,normal,0.28,above 20d avg,101.21,100.35,contango,17.11,19.29,-2.18,above 20-obs avg,2.8,2.73,defensives leading,1.3,-0.1,1.4,above 20d avg,0.2858,0.2832,elevated,144.46,143.15
2026-06-30T14:40:56.187Z,risk-off,4-3,normal,0.28,above 20d avg,101.21,100.35,contango,17.11,19.29,-2.18,above 20-obs avg,2.8,2.73,defensives leading,1.3,-0.1,1.4,above 20d avg,0.2858,0.2832,elevated,144.46,143.15
2026-06-30T15:15:25.059Z,risk-off,4-3,normal,0.28,above 20d avg,101.11,100.35,contango,17.1,19.35,-2.25,above 20-obs avg,2.8,2.73,defensives leading,1.5,-0.2,1.7,above 20d avg,0.2856,0.2832,elevated,144.46,143.15
2026-06-30T15:15:25.604Z,risk-off,4-3,normal,0.28,above 20d avg,101.1,100.35,contango,17.1,19.35,-2.25,above 20-obs avg,2.8,2.73,defensives leading,1.5,-0.2,1.7,above 20d avg,0.2856,0.2832,elevated,144.46,143.15
2026-06-30T15:42:37.358Z,risk-off,4-3,normal,0.28,above 20d avg,101.14,100.35,contango,16.87,19.2,-2.33,above 20-obs avg,2.8,2.73,defensives leading,1.6,-0.1,1.7,above 20d avg,0.2855,0.2832,elevated,144.46,143.15
2026-06-30T15:42:38.318Z,risk-off,4-3,normal,0.28,above 20d avg,101.14,100.35,contango,16.87,19.2,-2.33,above 20-obs avg,2.8,2.73,defensives leading,1.6,-0.1,1.7,above 20d avg,0.2855,0.2832,elevated,144.46,143.15
2026-06-30T17:00:27.033Z,risk-off,4-3,normal,0.28,above 20d avg,101.21,100.35,contango,16.65,19.09,-2.44,above 20-obs avg,2.8,2.73,defensives leading,1.7,0.1,1.6,above 20d avg,0.2852,0.2832,elevated,144.46,143.15
2026-06-30T17:00:27.510Z,risk-off,4-3,normal,0.28,above 20d avg,101.21,100.35,contango,16.65,19.09,-2.44,above 20-obs avg,2.8,2.73,defensives leading,1.7,0.1,1.5,above 20d avg,0.2852,0.2832,elevated,144.46,143.15
2026-06-30T17:30:21.984Z,risk-off,4-3,normal,0.28,above 20d avg,101.21,100.35,contango,16.66,19.09,-2.43,above 20-obs avg,2.8,2.73,defensives leading,1.8,0,1.8,above 20d avg,0.2854,0.2832,elevated,144.46,143.15
2026-06-30T17:30:22.441Z,risk-off,4-3,normal,0.28,above 20d avg,101.21,100.35,contango,16.66,19.09,-2.43,above 20-obs avg,2.8,2.73,defensives leading,1.8,0,1.8,above 20d avg,0.2854,0.2832,elevated,144.46,143.15
2026-06-30T18:00:24.846Z,risk-off,4-3,normal,0.28,above 20d avg,101.17,100.35,contango,16.62,19.07,-2.45,above 20-obs avg,2.8,2.73,defensives leading,1.5,0.1,1.4,above 20d avg,0.2854,0.2832,elevated,144.46,143.15
2026-06-30T18:00:25.341Z,risk-off,4-3,normal,0.28,above 20d avg,101.17,100.35,contango,16.62,19.07,-2.45,above 20-obs avg,2.8,2.73,defensives leading,1.5,0.1,1.4,above 20d avg,0.2854,0.2832,elevated,144.46,143.15
2026-06-30T18:30:25.479Z,risk-off,4-3,normal,0.28,above 20d avg,101.15,100.35,contango,16.59,19.04,-2.45,above 20-obs avg,2.8,2.73,defensives leading,1.6,0,1.6,above 20d avg,0.2853,0.2832,elevated,144.46,143.15
2026-06-30T18:30:25.906Z,risk-off,4-3,normal,0.28,above 20d avg,101.15,100.35,contango,16.59,19.04,-2.45,above 20-obs avg,2.8,2.73,defensives leading,1.6,0,1.6,above 20d avg,0.2853,0.2832,elevated,144.46,143.15
2026-06-30T19:00:25.815Z,risk-off,4-3,normal,0.28,above 20d avg,101.15,100.35,contango,16.63,19.07,-2.44,above 20-obs avg,2.8,2.73,defensives leading,1.4,0,1.3,above 20d avg,0.2854,0.2832,elevated,144.46,143.15
2026-06-30T19:00:26.251Z,risk-off,4-3,normal,0.28,above 20d avg,101.15,100.35,contango,16.63,19.07,-2.44,above 20-obs avg,2.8,2.73,defensives leading,1.4,0,1.3,above 20d avg,0.2854,0.2832,elevated,144.46,143.15
2026-06-30T19:23:33.228Z,risk-off,4-3,normal,0.28,above 20d avg,101.18,100.35,contango,16.47,18.96,-2.49,above 20-obs avg,2.8,2.73,defensives leading,1.3,0.1,1.2,above 20d avg,0.2853,0.2832,elevated,144.46,143.15
2026-06-30T19:23:33.718Z,risk-off,4-3,normal,0.28,above 20d avg,101.18,100.35,contango,16.47,18.96,-2.49,above 20-obs avg,2.8,2.73,defensives leading,1.3,0.1,1.2,above 20d avg,0.2852,0.2832,elevated,144.46,143.15
2026-06-30T19:45:49.858Z,risk-off,4-3,normal,0.28,above 20d avg,101.19,100.35,contango,16.42,18.95,-2.53,above 20-obs avg,2.8,2.73,defensives leading,0.9,-0.1,1,above 20d avg,0.285,0.2832,elevated,144.46,143.15
2026-06-30T19:45:50.377Z,risk-off,4-3,normal,0.28,above 20d avg,101.19,100.35,contango,16.42,18.95,-2.53,above 20-obs avg,2.8,2.73,defensives leading,0.9,-0.1,1,above 20d avg,0.285,0.2832,elevated,144.46,143.15
2026-06-30T20:15:25.151Z,risk-off,4-3,normal,0.3,above 20d avg,101.13,100.35,contango,16.51,19.04,-2.53,above 20-obs avg,2.8,2.73,defensives leading,0.6,-0.1,0.7,above 20d avg,0.2849,0.2832,elevated,144.46,143.15
2026-06-30T20:15:25.648Z,risk-off,4-3,normal,0.3,above 20d avg,101.13,100.35,contango,16.51,19.04,-2.53,above 20-obs avg,2.8,2.73,defensives leading,0.6,-0.1,0.7,above 20d avg,0.2849,0.2832,elevated,144.46,143.15
2026-06-30T20:45:26.153Z,risk-off,4-3,normal,0.3,above 20d avg,101.15,100.35,contango,16.45,19,-2.55,above 20-obs avg,2.8,2.73,defensives leading,0.6,-0.1,0.7,above 20d avg,0.2849,0.2832,elevated,144.46,143.15
2026-06-30T20:45:26.669Z,risk-off,4-3,normal,0.3,above 20d avg,101.15,100.35,contango,16.45,19,-2.55,above 20-obs avg,2.8,2.73,defensives leading,0.6,-0.1,0.7,above 20d avg,0.2849,0.2832,elevated,144.46,143.15
2026-06-30T21:13:47.693Z,risk-off,4-3,normal,0.3,above 20d avg,101.18,100.35,contango,16.45,19,-2.55,above 20-obs avg,2.8,2.73,defensives leading,0.6,-0.1,0.7,above 20d avg,0.2849,0.2832,elevated,144.46,143.15
2026-06-30T21:13:48.131Z,risk-off,4-3,normal,0.3,above 20d avg,101.18,100.35,contango,16.45,19,-2.55,above 20-obs avg,2.8,2.73,defensives leading,0.6,-0.1,0.7,above 20d avg,0.2849,0.2832,elevated,144.46,143.15
2026-07-01T13:38:50.573Z,risk-on,4-3,normal,0.3,above 20d avg,101.39,100.46,contango,16.81,20.13,-3.32,above 20-obs avg,2.8,2.73,cyclicals leading,-0.9,0.8,-1.7,above 20d avg,0.2863,0.2837,elevated,149.6,143.5
2026-07-01T14:50:06.384Z,risk-on,4-3,normal,0.3,above 20d avg,101.26,100.45,contango,16.37,19.01,-2.64,above 20-obs avg,2.75,2.73,cyclicals leading,-1.3,1.6,-3,above 20d avg,0.2866,0.2837,elevated,149.6,143.5
2026-07-01T14:50:06.937Z,risk-on,4-3,normal,0.3,above 20d avg,101.26,100.45,contango,16.37,19.01,-2.64,above 20-obs avg,2.75,2.73,cyclicals leading,-1.3,1.6,-3,above 20d avg,0.2866,0.2837,elevated,149.6,143.5
2026-07-01T15:20:00.642Z,risk-on,4-3,normal,0.3,above 20d avg,101.35,100.46,contango,16.26,18.93,-2.67,above 20-obs avg,2.75,2.73,cyclicals leading,-1.4,2.1,-3.5,above 20d avg,0.2864,0.2837,elevated,149.6,143.5
2026-07-01T15:20:01.195Z,risk-on,4-3,normal,0.3,above 20d avg,101.36,100.46,contango,16.26,18.93,-2.67,above 20-obs avg,2.75,2.73,cyclicals leading,-1.4,2.1,-3.5,above 20d avg,0.2864,0.2837,elevated,149.6,143.5
2026-07-01T16:10:43.800Z,risk-on,4-3,normal,0.3,above 20d avg,101.33,100.45,contango,16.11,18.87,-2.76,above 20-obs avg,2.75,2.73,cyclicals leading,-1.5,2.2,-3.7,above 20d avg,0.2868,0.2837,elevated,149.6,143.5
2026-07-01T16:10:44.420Z,risk-on,4-3,normal,0.3,above 20d avg,101.33,100.45,contango,16.11,18.87,-2.76,above 20-obs avg,2.75,2.73,cyclicals leading,-1.5,2.2,-3.7,above 20d avg,0.2868,0.2837,elevated,149.6,143.5
2026-07-01T18:17:18.170Z,risk-on,4-3,normal,0.3,above 20d avg,101.39,100.46,contango,16.35,19.06,-2.71,above 20-obs avg,2.75,2.73,cyclicals leading,-1.6,1.8,-3.5,above 20d avg,0.2863,0.2837,elevated,149.6,143.5
2026-07-01T18:17:18.780Z,risk-on,4-3,normal,0.3,above 20d avg,101.39,100.46,contango,16.35,19.06,-2.71,above 20-obs avg,2.75,2.73,cyclicals leading,-1.6,1.8,-3.5,above 20d avg,0.2863,0.2837,elevated,149.6,143.5
2026-07-01T20:20:00.636Z,risk-on,4-3,normal,0.31,above 20d avg,101.41,100.46,contango,16.62,19.18,-2.56,above 20-obs avg,2.75,2.73,cyclicals leading,-1.4,1.6,-2.9,above 20d avg,0.2862,0.2837,elevated,149.6,143.5
2026-07-01T20:20:01.143Z,risk-on,4-3,normal,0.31,above 20d avg,101.41,100.46,contango,16.62,19.18,-2.56,above 20-obs avg,2.75,2.73,cyclicals leading,-1.4,1.6,-2.9,above 20d avg,0.2862,0.2837,elevated,149.6,143.5
2026-07-01T21:55:04.061Z,risk-on,4-3,normal,0.31,above 20d avg,101.39,100.46,contango,16.59,19.16,-2.57,above 20-obs avg,2.75,2.73,cyclicals leading,-1.4,1.6,-2.9,above 20d avg,0.2862,0.2837,elevated,154.82,144.08
2026-07-01T21:55:04.507Z,risk-on,4-3,normal,0.31,above 20d avg,101.39,100.46,contango,16.59,19.16,-2.57,above 20-obs avg,2.75,2.73,cyclicals leading,-1.4,1.6,-2.9,above 20d avg,0.2862,0.2837,elevated,154.82,144.08
2026-07-02T12:55:32.162Z,risk-on,4-3,normal,0.31,above 20d avg,100.6,100.51,contango,16.03,20.13,-4.1,above 20-obs avg,2.75,2.73,cyclicals leading,-1.4,1.6,-2.9,above 20d avg,0.2862,0.2837,elevated,154.82,144.08
2026-07-02T13:03:13.825Z,risk-on,4-3,normal,0.31,above 20d avg,100.66,100.51,contango,16,20.13,-4.13,above 20-obs avg,2.75,2.73,cyclicals leading,-1.4,1.6,-2.9,above 20d avg,0.2862,0.2837,elevated,154.82,144.08
2026-07-02T13:03:14.386Z,risk-on,4-3,normal,0.31,above 20d avg,100.66,100.51,contango,16,20.13,-4.13,above 20-obs avg,2.75,2.73,cyclicals leading,-1.4,1.6,-2.9,above 20d avg,0.2862,0.2837,elevated,154.82,144.08
2026-07-02T13:25:29.766Z,risk-on,4-3,normal,0.31,above 20d avg,100.77,100.52,contango,16.25,20.13,-3.88,above 20-obs avg,2.75,2.73,cyclicals leading,-1.4,1.6,-2.9,above 20d avg,0.2862,0.2837,elevated,154.82,144.08
2026-07-02T13:25:30.181Z,risk-on,4-3,normal,0.31,above 20d avg,100.77,100.52,contango,16.25,20.13,-3.88,above 20-obs avg,2.75,2.73,cyclicals leading,-1.4,1.6,-2.9,above 20d avg,0.2862,0.2837,elevated,154.82,144.08
2026-07-02T13:55:30.662Z,risk-on,4-3,normal,0.31,above 20d avg,100.73,100.52,contango,15.99,18.87,-2.88,above 20-obs avg,2.75,2.73,cyclicals leading,0.2,0.9,-0.7,above 20d avg,0.2866,0.2841,elevated,154.82,144.08
2026-07-02T13:55:31.251Z,risk-on,4-3,normal,0.31,above 20d avg,100.73,100.52,contango,15.99,18.87,-2.88,above 20-obs avg,2.75,2.73,cyclicals leading,0.2,0.9,-0.7,above 20d avg,0.2866,0.2841,elevated,154.82,144.08
2026-07-02T14:25:29.117Z,risk-off,4-3,normal,0.31,above 20d avg,100.67,100.51,contango,15.94,18.83,-2.89,above 20-obs avg,2.74,2.73,defensives leading,0.4,0.3,0,above 20d avg,0.2864,0.2841,elevated,154.82,144.08
2026-07-02T14:25:29.684Z,risk-off,4-3,normal,0.31,above 20d avg,100.67,100.51,contango,15.94,18.83,-2.89,above 20-obs avg,2.74,2.73,defensives leading,0.4,0.3,0,above 20d avg,0.2864,0.2841,elevated,154.82,144.08
2026-07-02T14:55:29.878Z,risk-off,4-3,normal,0.31,above 20d avg,100.83,100.52,contango,16.15,18.91,-2.76,above 20-obs avg,2.74,2.73,defensives leading,0.6,0.1,0.6,above 20d avg,0.2872,0.2842,elevated,154.82,144.08
2026-07-02T14:55:30.351Z,risk-off,4-3,normal,0.31,above 20d avg,100.83,100.52,contango,16.15,18.91,-2.76,above 20-obs avg,2.74,2.73,defensives leading,0.6,0.1,0.6,above 20d avg,0.2872,0.2842,elevated,154.82,144.08
2026-07-02T15:25:26.906Z,risk-off,4-3,normal,0.31,above 20d avg,100.76,100.52,contango,16.61,19.2,-2.59,above 20-obs avg,2.74,2.73,defensives leading,1.1,-0.2,1.3,above 20d avg,0.2875,0.2842,elevated,154.82,144.08
2026-07-02T15:25:27.376Z,risk-off,4-3,normal,0.31,above 20d avg,100.76,100.52,contango,16.61,19.2,-2.59,above 20-obs avg,2.74,2.73,defensives leading,1.1,-0.2,1.3,above 20d avg,0.2875,0.2842,elevated,154.82,144.08
2026-07-02T15:28:24.869Z,risk-off,4-3,normal,0.31,above 20d avg,100.77,100.52,contango,16.44,19.12,-2.68,above 20-obs avg,2.74,2.73,defensives leading,1,-0.1,1.1,above 20d avg,0.2876,0.2842,elevated,154.82,144.08
2026-07-02T15:28:25.937Z,risk-off,4-3,normal,0.31,above 20d avg,100.77,100.52,contango,16.44,19.12,-2.68,above 20-obs avg,2.74,2.73,defensives leading,1,-0.1,1.1,above 20d avg,0.2876,0.2842,elevated,154.82,144.08
2026-07-02T15:55:29.668Z,risk-off,4-3,normal,0.31,above 20d avg,100.76,100.52,contango,16.46,19.12,-2.66,above 20-obs avg,2.74,2.73,defensives leading,0.7,-0.2,0.9,above 20d avg,0.2878,0.2842,elevated,154.82,144.08
2026-07-02T15:55:30.403Z,risk-off,4-3,normal,0.31,above 20d avg,100.76,100.52,contango,16.46,19.12,-2.66,above 20-obs avg,2.74,2.73,defensives leading,0.7,-0.2,0.9,above 20d avg,0.2877,0.2842,elevated,154.82,144.08
2026-07-02T16:25:29.534Z,risk-off,4-3,normal,0.31,above 20d avg,100.79,100.52,contango,16.68,19.25,-2.57,above 20-obs avg,2.74,2.73,defensives leading,0.9,-0.2,1.1,above 20d avg,0.288,0.2842,elevated,154.82,144.08
2026-07-02T16:25:30.303Z,risk-off,4-3,normal,0.31,above 20d avg,100.79,100.52,contango,16.68,19.25,-2.57,above 20-obs avg,2.74,2.73,defensives leading,0.9,-0.2,1.1,above 20d avg,0.288,0.2842,elevated,154.82,144.08
2026-07-02T16:55:28.884Z,risk-off,4-3,normal,0.31,above 20d avg,100.81,100.52,contango,16.77,19.3,-2.53,above 20-obs avg,2.74,2.73,defensives leading,1,-0.3,1.3,above 20d avg,0.2882,0.2842,elevated,154.82,144.08
2026-07-02T16:55:30.227Z,risk-off,4-3,normal,0.31,above 20d avg,100.81,100.52,contango,16.75,19.29,-2.54,above 20-obs avg,2.74,2.73,defensives leading,1,-0.3,1.3,above 20d avg,0.2883,0.2842,elevated,154.82,144.08
2026-07-02T17:13:31.334Z,risk-off,4-3,normal,0.31,above 20d avg,100.83,100.52,contango,16.81,19.33,-2.52,above 20-obs avg,2.74,2.73,defensives leading,0.9,-0.5,1.4,above 20d avg,0.2882,0.2842,elevated,154.82,144.08
2026-07-02T17:13:31.769Z,risk-off,4-3,normal,0.31,above 20d avg,100.83,100.52,contango,16.81,19.33,-2.52,above 20-obs avg,2.74,2.73,defensives leading,0.9,-0.5,1.4,above 20d avg,0.2882,0.2842,elevated,154.82,144.08
2026-07-02T17:40:50.899Z,risk-off,4-3,normal,0.31,above 20d avg,100.87,100.53,contango,16.81,19.34,-2.53,above 20-obs avg,2.74,2.73,defensives leading,0.8,-0.5,1.3,above 20d avg,0.2882,0.2842,elevated,154.82,144.08
2026-07-02T17:40:51.310Z,risk-off,4-3,normal,0.31,above 20d avg,100.87,100.53,contango,16.81,19.34,-2.53,above 20-obs avg,2.74,2.73,defensives leading,0.8,-0.5,1.3,above 20d avg,0.2882,0.2842,elevated,154.82,144.08
2026-07-02T18:10:29.040Z,risk-off,4-3,normal,0.31,above 20d avg,100.88,100.53,contango,16.98,19.43,-2.45,above 20-obs avg,2.74,2.73,defensives leading,0.8,-0.3,1.1,above 20d avg,0.288,0.2842,elevated,154.82,144.08
2026-07-02T18:10:29.495Z,risk-off,4-3,normal,0.31,above 20d avg,100.88,100.53,contango,16.98,19.44,-2.46,above 20-obs avg,2.74,2.73,defensives leading,0.8,-0.3,1.1,above 20d avg,0.288,0.2842,elevated,154.82,144.08
2026-07-02T18:40:29.704Z,risk-off,4-3,normal,0.31,above 20d avg,100.86,100.52,contango,16.8,19.33,-2.53,above 20-obs avg,2.74,2.73,defensives leading,1.1,-0.2,1.2,above 20d avg,0.2883,0.2842,elevated,154.82,144.08
2026-07-02T18:40:30.449Z,risk-off,4-3,normal,0.31,above 20d avg,100.86,100.52,contango,16.79,19.33,-2.54,above 20-obs avg,2.74,2.73,defensives leading,1.1,-0.2,1.2,above 20d avg,0.2883,0.2842,elevated,154.82,144.08
2026-07-02T18:50:30.949Z,risk-off,4-3,normal,0.35,above 20d avg,100.84,100.52,contango,16.61,19.23,-2.62,above 20-obs avg,2.74,2.73,defensives leading,1.1,-0.2,1.3,above 20d avg,0.2882,0.2842,elevated,154.82,144.08
2026-07-02T18:50:31.765Z,risk-off,4-3,normal,0.35,above 20d avg,100.84,100.52,contango,16.61,19.23,-2.62,above 20-obs avg,2.74,2.73,defensives leading,1.1,-0.2,1.3,above 20d avg,0.2882,0.2842,elevated,154.82,144.08
2026-07-02T19:10:30.235Z,risk-off,4-3,normal,0.35,above 20d avg,100.86,100.52,contango,16.59,19.19,-2.6,above 20-obs avg,2.74,2.73,defensives leading,1,-0.4,1.4,above 20d avg,0.2883,0.2842,elevated,154.82,144.08
2026-07-02T19:10:30.696Z,risk-off,4-3,normal,0.35,above 20d avg,100.86,100.52,contango,16.59,19.19,-2.6,above 20-obs avg,2.74,2.73,defensives leading,1,-0.4,1.4,above 20d avg,0.2883,0.2842,elevated,154.82,144.08
2026-07-02T19:40:29.640Z,risk-off,4-3,normal,0.35,above 20d avg,100.89,100.53,contango,16.86,19.36,-2.5,above 20-obs avg,2.74,2.73,defensives leading,1.2,-0.2,1.3,above 20d avg,0.2884,0.2842,elevated,154.82,144.08
2026-07-02T19:40:30.082Z,risk-off,4-3,normal,0.35,above 20d avg,100.89,100.53,contango,16.86,19.36,-2.5,above 20-obs avg,2.74,2.73,defensives leading,1.2,-0.2,1.3,above 20d avg,0.2884,0.2842,elevated,154.82,144.08
2026-07-02T20:10:30.483Z,risk-off,4-3,normal,0.35,above 20d avg,100.89,100.53,contango,16.2,19.02,-2.82,above 20-obs avg,2.74,2.73,defensives leading,1.3,0.3,1,above 20d avg,0.2885,0.2842,elevated,154.82,144.08
2026-07-02T20:10:31.174Z,risk-off,4-3,normal,0.35,above 20d avg,100.89,100.53,contango,16.2,19.02,-2.82,above 20-obs avg,2.74,2.73,defensives leading,1.3,0.3,1,above 20d avg,0.2885,0.2842,elevated,154.82,144.08
2026-07-02T20:13:20.841Z,risk-off,4-3,normal,0.35,above 20d avg,100.88,100.53,contango,16.07,18.96,-2.89,above 20-obs avg,2.74,2.73,defensives leading,1.3,0.3,1,above 20d avg,0.2885,0.2842,elevated,154.82,144.08
2026-07-02T20:13:21.164Z,risk-off,4-3,normal,0.35,above 20d avg,100.88,100.53,contango,16.07,18.96,-2.89,above 20-obs avg,2.74,2.73,defensives leading,1.3,0.3,1,above 20d avg,0.2885,0.2842,elevated,154.82,144.08
2026-07-02T20:40:29.042Z,risk-off,4-3,normal,0.35,above 20d avg,100.85,100.52,contango,16.15,19.04,-2.89,above 20-obs avg,2.74,2.73,defensives leading,1.3,0.3,1,above 20d avg,0.2886,0.2842,elevated,154.82,144.08
2026-07-02T20:40:29.490Z,risk-off,4-3,normal,0.35,above 20d avg,100.85,100.52,contango,16.15,19.04,-2.89,above 20-obs avg,2.74,2.73,defensives leading,1.3,0.3,1,above 20d avg,0.2886,0.2842,elevated,154.82,144.08
2026-07-02T21:10:32.636Z,risk-off,4-3,normal,0.35,above 20d avg,100.87,100.52,contango,16.15,19.04,-2.89,above 20-obs avg,2.74,2.73,defensives leading,1.3,0.3,1,above 20d avg,0.2886,0.2842,elevated,154.82,144.08
2026-07-02T21:10:33.303Z,risk-off,4-3,normal,0.35,above 20d avg,100.87,100.52,contango,16.15,19.04,-2.89,above 20-obs avg,2.74,2.73,defensives leading,1.3,0.3,1,above 20d avg,0.2886,0.2842,elevated,154.82,144.08
2026-07-02T21:35:33.603Z,risk-off,4-3,normal,0.35,above 20d avg,100.86,100.52,contango,16.15,19.04,-2.89,above 20-obs avg,2.74,2.73,defensives leading,1.3,0.3,1,above 20d avg,0.2886,0.2842,elevated,150.02,144.74
2026-07-02T21:35:34.021Z,risk-off,4-3,normal,0.35,above 20d avg,100.86,100.52,contango,16.15,19.04,-2.89,above 20-obs avg,2.74,2.73,defensives leading,1.3,0.3,1,above 20d avg,0.2886,0.2842,elevated,150.02,144.74
2026-07-03T13:00:26.019Z,risk-off,4-3,normal,0.35,above 20d avg,100.78,100.59,contango,15.95,20.13,-4.18,above 20-obs avg,2.74,2.73,defensives leading,1.3,0.3,1,above 20d avg,0.2886,0.2842,elevated,150.02,144.74
2026-07-03T13:02:26.954Z,risk-off,4-3,normal,0.35,above 20d avg,100.77,100.59,contango,15.94,20.13,-4.19,above 20-obs avg,2.74,2.73,defensives leading,1.3,0.3,1,above 20d avg,0.2886,0.2842,elevated,150.02,144.74
2026-07-03T13:02:27.745Z,risk-off,4-3,normal,0.35,above 20d avg,100.78,100.59,contango,15.94,20.13,-4.19,above 20-obs avg,2.74,2.73,defensives leading,1.3,0.3,1,above 20d avg,0.2886,0.2842,elevated,150.02,144.74
2026-07-03T13:30:30.564Z,risk-off,4-3,normal,0.35,above 20d avg,100.83,100.6,contango,15.95,20.13,-4.18,above 20-obs avg,2.74,2.73,defensives leading,1.3,0.3,1,above 20d avg,0.2886,0.2842,elevated,150.02,144.74
2026-07-03T13:30:31.110Z,risk-off,4-3,normal,0.35,above 20d avg,100.83,100.6,contango,15.95,20.13,-4.18,above 20-obs avg,2.74,2.73,defensives leading,1.3,0.3,1,above 20d avg,0.2886,0.2842,elevated,150.02,144.74
2026-07-03T13:49:38.107Z,risk-off,4-3,normal,0.35,above 20d avg,100.84,100.6,contango,15.89,20.13,-4.24,above 20-obs avg,2.74,2.73,defensives leading,1.3,0.3,1,above 20d avg,0.2886,0.2842,elevated,150.02,144.74
2026-07-03T13:49:38.976Z,risk-off,4-3,normal,0.35,above 20d avg,100.84,100.6,contango,15.89,20.13,-4.24,above 20-obs avg,2.74,2.73,defensives leading,1.3,0.3,1,above 20d avg,0.2886,0.2842,elevated,150.02,144.74
2026-07-03T14:15:25.236Z,risk-off,4-3,normal,0.35,above 20d avg,100.83,100.6,contango,15.92,20.13,-4.21,above 20-obs avg,2.74,2.73,defensives leading,1.3,0.3,1,above 20d avg,0.2886,0.2842,elevated,150.02,144.74
2026-07-03T14:15:25.801Z,risk-off,4-3,normal,0.35,above 20d avg,100.83,100.6,contango,15.92,20.13,-4.21,above 20-obs avg,2.74,2.73,defensives leading,1.3,0.3,1,above 20d avg,0.2886,0.2842,elevated,150.02,144.74
2026-07-03T14:34:36.412Z,risk-off,4-3,normal,0.35,above 20d avg,100.82,100.6,contango,15.92,20.13,-4.21,above 20-obs avg,2.74,2.73,defensives leading,1.3,0.3,1,above 20d avg,0.2886,0.2842,elevated,150.02,144.74
2026-07-03T14:34:36.828Z,risk-off,4-3,normal,0.35,above 20d avg,100.82,100.6,contango,15.92,20.13,-4.21,above 20-obs avg,2.74,2.73,defensives leading,1.3,0.3,1,above 20d avg,0.2886,0.2842,elevated,150.02,144.74
2026-07-03T15:00:26.844Z,risk-off,4-3,normal,0.35,above 20d avg,100.81,100.59,contango,15.83,20.13,-4.3,above 20-obs avg,2.74,2.73,defensives leading,1.3,0.3,1,above 20d avg,0.2886,0.2842,elevated,150.02,144.74
2026-07-03T15:00:27.400Z,risk-off,4-3,normal,0.35,above 20d avg,100.81,100.59,contango,15.83,20.13,-4.3,above 20-obs avg,2.74,2.73,defensives leading,1.3,0.3,1,above 20d avg,0.2886,0.2842,elevated,150.02,144.74
2026-07-03T15:19:37.231Z,risk-off,4-3,normal,0.35,above 20d avg,100.82,100.6,contango,15.79,20.13,-4.34,above 20-obs avg,2.74,2.73,defensives leading,1.3,0.3,1,above 20d avg,0.2886,0.2842,elevated,150.02,144.74
2026-07-03T15:19:37.704Z,risk-off,4-3,normal,0.35,above 20d avg,100.82,100.6,contango,15.79,20.13,-4.34,above 20-obs avg,2.74,2.73,defensives leading,1.3,0.3,1,above 20d avg,0.2886,0.2842,elevated,150.02,144.74
2026-07-03T15:21:49.240Z,risk-off,4-3,normal,0.35,above 20d avg,100.81,100.59,contango,15.8,20.13,-4.33,above 20-obs avg,2.74,2.73,defensives leading,1.3,0.3,1,above 20d avg,0.2886,0.2842,elevated,150.02,144.74
2026-07-03T15:21:49.629Z,risk-off,4-3,normal,0.35,above 20d avg,100.81,100.59,contango,15.8,20.13,-4.33,above 20-obs avg,2.74,2.73,defensives leading,1.3,0.3,1,above 20d avg,0.2886,0.2842,elevated,150.02,144.74
2026-07-03T15:45:29.077Z,risk-off,4-3,normal,0.35,above 20d avg,100.84,100.6,contango,15.81,20.13,-4.32,above 20-obs avg,2.74,2.73,defensives leading,1.3,0.3,1,above 20d avg,0.2886,0.2842,elevated,150.02,144.74
2026-07-03T15:45:29.546Z,risk-off,4-3,normal,0.35,above 20d avg,100.84,100.6,contango,15.81,20.13,-4.32,above 20-obs avg,2.74,2.73,defensives leading,1.3,0.3,1,above 20d avg,0.2886,0.2842,elevated,150.02,144.74
2026-07-03T16:04:37.314Z,risk-off,4-3,normal,0.35,above 20d avg,100.86,100.6,contango,15.81,20.13,-4.32,above 20-obs avg,2.74,2.73,defensives leading,1.3,0.3,1,above 20d avg,0.2886,0.2842,elevated,150.02,144.74
2026-07-03T16:04:37.812Z,risk-off,4-3,normal,0.35,above 20d avg,100.86,100.6,contango,15.81,20.13,-4.32,above 20-obs avg,2.74,2.73,defensives leading,1.3,0.3,1,above 20d avg,0.2886,0.2842,elevated,150.02,144.74
2026-07-03T16:30:25.817Z,risk-off,4-3,normal,0.35,above 20d avg,100.85,100.6,contango,15.81,20.13,-4.32,above 20-obs avg,2.75,2.73,defensives leading,1.3,0.3,1,above 20d avg,0.2886,0.2842,elevated,150.02,144.74
2026-07-03T16:30:26.279Z,risk-off,4-3,normal,0.35,above 20d avg,100.85,100.6,contango,15.81,20.13,-4.32,above 20-obs avg,2.75,2.73,defensives leading,1.3,0.3,1,above 20d avg,0.2886,0.2842,elevated,150.02,144.74
2026-07-03T16:49:33.478Z,risk-off,4-3,normal,0.35,above 20d avg,100.87,100.6,contango,15.81,20.13,-4.32,above 20-obs avg,2.75,2.73,defensives leading,1.3,0.3,1,above 20d avg,0.2886,0.2842,elevated,150.02,144.74
2026-07-03T16:49:33.990Z,risk-off,4-3,normal,0.35,above 20d avg,100.87,100.6,contango,15.81,20.13,-4.32,above 20-obs avg,2.75,2.73,defensives leading,1.3,0.3,1,above 20d avg,0.2886,0.2842,elevated,150.02,144.74
2026-07-03T16:51:35.188Z,risk-off,4-3,normal,0.35,above 20d avg,100.87,100.6,contango,15.81,20.13,-4.32,above 20-obs avg,2.75,2.73,defensives leading,1.3,0.3,1,above 20d avg,0.2886,0.2842,elevated,150.02,144.74
2026-07-03T16:51:35.637Z,risk-off,4-3,normal,0.35,above 20d avg,100.87,100.6,contango,15.81,20.13,-4.32,above 20-obs avg,2.75,2.73,defensives leading,1.3,0.3,1,above 20d avg,0.2886,0.2842,elevated,150.02,144.74
2026-07-03T17:15:26.122Z,risk-off,4-3,normal,0.35,above 20d avg,100.85,100.6,contango,15.81,20.13,-4.32,above 20-obs avg,2.75,2.73,defensives leading,1.3,0.3,1,above 20d avg,0.2886,0.2842,elevated,150.02,144.74
2026-07-03T17:15:26.732Z,risk-off,4-3,normal,0.35,above 20d avg,100.85,100.6,contango,15.81,20.13,-4.32,above 20-obs avg,2.75,2.73,defensives leading,1.3,0.3,1,above 20d avg,0.2886,0.2842,elevated,150.02,144.74
2026-07-03T17:34:37.041Z,risk-off,4-3,normal,0.35,above 20d avg,100.83,100.6,contango,15.81,20.13,-4.32,above 20-obs avg,2.75,2.73,defensives leading,1.3,0.3,1,above 20d avg,0.2886,0.2842,elevated,150.02,144.74
2026-07-03T17:34:37.607Z,risk-off,4-3,normal,0.35,above 20d avg,100.83,100.6,contango,15.81,20.13,-4.32,above 20-obs avg,2.75,2.73,defensives leading,1.3,0.3,1,above 20d avg,0.2886,0.2842,elevated,150.02,144.74
2026-07-03T18:00:27.326Z,risk-off,4-3,normal,0.35,above 20d avg,100.83,100.6,contango,15.81,20.13,-4.32,above 20-obs avg,2.75,2.73,defensives leading,1.3,0.3,1,above 20d avg,0.2886,0.2842,elevated,150.02,144.74
2026-07-03T18:00:27.899Z,risk-off,4-3,normal,0.35,above 20d avg,100.83,100.6,contango,15.81,20.13,-4.32,above 20-obs avg,2.75,2.73,defensives leading,1.3,0.3,1,above 20d avg,0.2886,0.2842,elevated,150.02,144.74
2026-07-03T18:08:17.653Z,risk-off,4-3,normal,0.35,above 20d avg,100.83,100.6,contango,15.81,20.13,-4.32,above 20-obs avg,2.75,2.73,defensives leading,1.3,0.3,1,above 20d avg,0.2886,0.2842,elevated,150.02,144.74
2026-07-03T18:08:18.028Z,risk-off,4-3,normal,0.35,above 20d avg,100.83,100.6,contango,15.81,20.13,-4.32,above 20-obs avg,2.75,2.73,defensives leading,1.3,0.3,1,above 20d avg,0.2886,0.2842,elevated,150.02,144.74
2026-07-03T18:30:25.047Z,risk-off,4-3,normal,0.35,above 20d avg,100.83,100.6,contango,15.81,20.13,-4.32,above 20-obs avg,2.75,2.73,defensives leading,1.3,0.3,1,above 20d avg,0.2886,0.2842,elevated,150.02,144.74
2026-07-03T18:30:25.589Z,risk-off,4-3,normal,0.35,above 20d avg,100.83,100.6,contango,15.81,20.13,-4.32,above 20-obs avg,2.75,2.73,defensives leading,1.3,0.3,1,above 20d avg,0.2886,0.2842,elevated,150.02,144.74
2026-07-03T18:49:36.937Z,risk-off,4-3,normal,0.35,above 20d avg,100.84,100.6,contango,15.81,20.13,-4.32,above 20-obs avg,2.75,2.73,defensives leading,1.3,0.3,1,above 20d avg,0.2886,0.2842,elevated,150.02,144.74
2026-07-03T18:49:37.496Z,risk-off,4-3,normal,0.35,above 20d avg,100.84,100.6,contango,15.81,20.13,-4.32,above 20-obs avg,2.75,2.73,defensives leading,1.3,0.3,1,above 20d avg,0.2886,0.2842,elevated,150.02,144.74
2026-07-03T19:15:26.622Z,risk-off,4-3,normal,0.35,above 20d avg,100.84,100.6,contango,15.81,20.13,-4.32,above 20-obs avg,2.75,2.73,defensives leading,1.3,0.3,1,above 20d avg,0.2886,0.2842,elevated,150.02,144.74
2026-07-03T19:15:27.100Z,risk-off,4-3,normal,0.35,above 20d avg,100.84,100.6,contango,15.81,20.13,-4.32,above 20-obs avg,2.75,2.73,defensives leading,1.3,0.3,1,above 20d avg,0.2886,0.2842,elevated,150.02,144.74
2026-07-03T19:34:38.399Z,risk-off,4-3,normal,0.35,above 20d avg,100.86,100.6,contango,15.81,20.13,-4.32,above 20-obs avg,2.75,2.73,defensives leading,1.3,0.3,1,above 20d avg,0.2886,0.2842,elevated,150.02,144.74
2026-07-03T19:34:39.080Z,risk-off,4-3,normal,0.35,above 20d avg,100.86,100.6,contango,15.81,20.13,-4.32,above 20-obs avg,2.75,2.73,defensives leading,1.3,0.3,1,above 20d avg,0.2886,0.2842,elevated,150.02,144.74
2026-07-03T19:48:39.593Z,risk-off,4-3,normal,0.35,above 20d avg,100.86,100.6,contango,15.81,20.13,-4.32,above 20-obs avg,2.75,2.73,defensives leading,1.3,0.3,1,above 20d avg,0.2886,0.2842,elevated,150.02,144.74
2026-07-03T19:48:39.976Z,risk-off,4-3,normal,0.35,above 20d avg,100.86,100.6,contango,15.81,20.13,-4.32,above 20-obs avg,2.75,2.73,defensives leading,1.3,0.3,1,above 20d avg,0.2886,0.2842,elevated,150.02,144.74
2026-07-03T20:15:26.627Z,risk-off,4-3,normal,0.35,above 20d avg,100.86,100.6,contango,15.81,20.13,-4.32,above 20-obs avg,2.75,2.73,defensives leading,1.3,0.3,1,above 20d avg,0.2886,0.2842,elevated,150.02,144.74
2026-07-03T20:15:27.223Z,risk-off,4-3,normal,0.35,above 20d avg,100.86,100.6,contango,15.81,20.13,-4.32,above 20-obs avg,2.75,2.73,defensives leading,1.3,0.3,1,above 20d avg,0.2886,0.2842,elevated,150.02,144.74
2026-07-03T20:48:44.155Z,risk-off,4-3,normal,0.35,above 20d avg,100.86,100.6,contango,15.81,20.13,-4.32,above 20-obs avg,2.75,2.73,defensives leading,1.3,0.3,1,above 20d avg,0.2886,0.2842,elevated,150.02,144.74
2026-07-03T20:48:44.549Z,risk-off,4-3,normal,0.35,above 20d avg,100.86,100.6,contango,15.81,20.13,-4.32,above 20-obs avg,2.75,2.73,defensives leading,1.3,0.3,1,above 20d avg,0.2886,0.2842,elevated,150.02,144.74
2026-07-03T21:51:43.643Z,risk-off,4-3,normal,0.35,above 20d avg,100.86,100.6,contango,15.81,20.13,-4.32,above 20-obs avg,2.75,2.73,defensives leading,1.3,0.3,1,above 20d avg,0.2886,0.2842,elevated,150.02,144.74
2026-07-03T21:51:44.253Z,risk-off,4-3,normal,0.35,above 20d avg,100.86,100.6,contango,15.81,20.13,-4.32,above 20-obs avg,2.75,2.73,defensives leading,1.3,0.3,1,above 20d avg,0.2886,0.2842,elevated,150.02,144.74
2026-07-06T13:10:12.623Z,risk-off,4-3,normal,0.35,above 20d avg,101.12,100.61,contango,16.35,19.04,-2.69,above 20-obs avg,2.75,2.73,defensives leading,1.3,0.3,1,above 20d avg,0.2886,0.2842,elevated,150.02,144.74
2026-07-06T13:30:26.204Z,risk-on,4-3,normal,0.35,above 20d avg,101.05,100.61,contango,16.45,19.04,-2.59,above 20-obs avg,2.75,2.73,cyclicals leading,0.2,1.4,-1.1,above 20d avg,0.2877,0.2847,elevated,150.02,144.74
2026-07-06T13:30:26.672Z,risk-on,4-3,normal,0.35,above 20d avg,101.05,100.61,contango,16.45,19.04,-2.59,above 20-obs avg,2.75,2.73,cyclicals leading,0.2,1.4,-1.1,above 20d avg,0.2876,0.2847,elevated,150.02,144.74
2026-07-06T13:55:11.964Z,risk-on,4-3,normal,0.35,above 20d avg,101.08,100.61,contango,16.37,19.04,-2.67,above 20-obs avg,2.75,2.73,cyclicals leading,-1,2,-3,above 20d avg,0.2869,0.2847,elevated,150.02,144.74
2026-07-06T13:55:12.520Z,risk-on,4-3,normal,0.35,above 20d avg,101.08,100.61,contango,16.37,19.04,-2.67,above 20-obs avg,2.75,2.73,cyclicals leading,-1,2,-3,above 20d avg,0.2869,0.2847,elevated,150.02,144.74
2026-07-06T14:16:05.720Z,risk-on,4-3,normal,0.35,above 20d avg,101.08,100.61,contango,16.31,19.07,-2.76,above 20-obs avg,2.75,2.73,cyclicals leading,-1.3,2.1,-3.3,above 20d avg,0.2861,0.2846,elevated,150.02,144.74
2026-07-06T14:16:06.103Z,risk-on,4-3,normal,0.35,above 20d avg,101.08,100.61,contango,16.31,19.07,-2.76,above 20-obs avg,2.75,2.73,cyclicals leading,-1.3,2.1,-3.3,above 20d avg,0.2861,0.2846,elevated,150.02,144.74
2026-07-06T14:32:47.993Z,risk-on,4-3,normal,0.35,above 20d avg,101.07,100.61,contango,16.14,18.97,-2.83,above 20-obs avg,2.75,2.73,cyclicals leading,-1.4,2.2,-3.5,above 20d avg,0.2859,0.2846,elevated,150.02,144.74
2026-07-06T14:32:48.579Z,risk-on,4-3,normal,0.35,above 20d avg,101.07,100.61,contango,16.12,18.97,-2.85,above 20-obs avg,2.75,2.73,cyclicals leading,-1.4,2.2,-3.5,above 20d avg,0.2859,0.2846,elevated,150.02,144.74
2026-07-06T14:55:11.806Z,risk-on,4-3,normal,0.35,above 20d avg,101.12,100.61,contango,16.06,18.98,-2.92,above 20-obs avg,2.75,2.73,cyclicals leading,-1.4,2.1,-3.5,above 20d avg,0.2859,0.2846,elevated,150.02,144.74
2026-07-06T14:55:12.404Z,risk-on,4-3,normal,0.35,above 20d avg,101.12,100.61,contango,16.06,18.98,-2.92,above 20-obs avg,2.75,2.73,cyclicals leading,-1.4,2.1,-3.5,above 20d avg,0.2859,0.2846,elevated,150.02,144.74
2026-07-06T15:15:31.328Z,risk-on,4-3,normal,0.35,above 20d avg,101.07,100.61,contango,15.95,18.94,-2.99,above 20-obs avg,2.75,2.73,cyclicals leading,-1.4,2.2,-3.5,above 20d avg,0.2863,0.2846,elevated,150.02,144.74
2026-07-06T15:15:31.797Z,risk-on,4-3,normal,0.35,above 20d avg,101.06,100.61,contango,15.95,18.94,-2.99,above 20-obs avg,2.75,2.73,cyclicals leading,-1.4,2.2,-3.5,above 20d avg,0.2863,0.2846,elevated,150.02,144.74
2026-07-06T15:40:13.245Z,risk-on,4-3,normal,0.35,above 20d avg,101.07,100.61,contango,15.96,18.95,-2.99,above 20-obs avg,2.75,2.73,cyclicals leading,-1.5,2.2,-3.8,above 20d avg,0.2859,0.2846,elevated,150.02,144.74
2026-07-06T15:40:13.665Z,risk-on,4-3,normal,0.35,above 20d avg,101.07,100.61,contango,15.96,18.95,-2.99,above 20-obs avg,2.75,2.73,cyclicals leading,-1.5,2.2,-3.8,above 20d avg,0.2859,0.2846,elevated,150.02,144.74
2026-07-06T16:00:26.666Z,risk-on,4-3,normal,0.35,above 20d avg,101.01,100.6,contango,15.88,18.91,-3.03,above 20-obs avg,2.75,2.73,cyclicals leading,-1.6,2.2,-3.8,above 20d avg,0.286,0.2846,elevated,150.02,144.74
2026-07-06T16:00:27.106Z,risk-on,4-3,normal,0.35,above 20d avg,101.01,100.6,contango,15.88,18.91,-3.03,above 20-obs avg,2.75,2.73,cyclicals leading,-1.6,2.2,-3.8,above 20d avg,0.286,0.2846,elevated,150.02,144.74
2026-07-06T16:25:10.443Z,risk-on,4-3,normal,0.35,above 20d avg,101,100.6,contango,15.9,18.91,-3.01,above 20-obs avg,2.75,2.73,cyclicals leading,-1.6,2.2,-3.7,above 20d avg,0.2861,0.2846,elevated,150.02,144.74
2026-07-06T16:25:10.965Z,risk-on,4-3,normal,0.35,above 20d avg,101,100.6,contango,15.9,18.91,-3.01,above 20-obs avg,2.75,2.73,cyclicals leading,-1.6,2.2,-3.7,above 20d avg,0.2861,0.2846,elevated,150.02,144.74
2026-07-06T16:45:25.500Z,risk-on,4-3,normal,0.35,above 20d avg,100.98,100.6,contango,15.91,18.92,-3.01,above 20-obs avg,2.75,2.73,cyclicals leading,-1.4,2.1,-3.5,above 20d avg,0.2862,0.2846,elevated,150.02,144.74
2026-07-06T16:45:26.119Z,risk-on,4-3,normal,0.35,above 20d avg,100.98,100.6,contango,15.91,18.92,-3.01,above 20-obs avg,2.75,2.73,cyclicals leading,-1.4,2.1,-3.5,above 20d avg,0.2862,0.2846,elevated,150.02,144.74
2026-07-06T17:10:10.314Z,risk-on,4-3,normal,0.35,above 20d avg,100.97,100.6,contango,15.92,18.9,-2.98,above 20-obs avg,2.75,2.73,cyclicals leading,-1.1,2.1,-3.2,above 20d avg,0.2861,0.2846,elevated,150.02,144.74
2026-07-06T17:10:10.703Z,risk-on,4-3,normal,0.35,above 20d avg,100.97,100.6,contango,15.92,18.9,-2.98,above 20-obs avg,2.75,2.73,cyclicals leading,-1.1,2.1,-3.2,above 20d avg,0.2861,0.2846,elevated,150.02,144.74
2026-07-06T17:23:34.149Z,risk-on,4-3,normal,0.35,above 20d avg,100.95,100.6,contango,15.83,18.85,-3.02,above 20-obs avg,2.75,2.73,cyclicals leading,-1.1,2,-3.1,above 20d avg,0.2863,0.2846,elevated,150.02,144.74
2026-07-06T17:23:34.641Z,risk-on,4-3,normal,0.35,above 20d avg,100.94,100.6,contango,15.83,18.85,-3.02,above 20-obs avg,2.75,2.73,cyclicals leading,-1.1,2,-3.1,above 20d avg,0.2863,0.2846,elevated,150.02,144.74
2026-07-06T17:45:25.442Z,risk-on,4-3,normal,0.35,above 20d avg,100.92,100.6,contango,15.89,18.9,-3.01,above 20-obs avg,2.75,2.73,cyclicals leading,-1,1.8,-2.8,above 20d avg,0.2864,0.2846,elevated,150.02,144.74
2026-07-06T17:45:26.064Z,risk-on,4-3,normal,0.35,above 20d avg,100.92,100.6,contango,15.89,18.9,-3.01,above 20-obs avg,2.75,2.73,cyclicals leading,-1,1.8,-2.8,above 20d avg,0.2864,0.2846,elevated,150.02,144.74
2026-07-06T18:10:12.117Z,risk-on,4-3,normal,0.35,above 20d avg,100.92,100.6,contango,15.92,18.93,-3.01,above 20-obs avg,2.75,2.73,cyclicals leading,-0.9,2.1,-3,above 20d avg,0.2864,0.2846,elevated,150.02,144.74
2026-07-06T18:10:12.532Z,risk-on,4-3,normal,0.35,above 20d avg,100.92,100.6,contango,15.92,18.93,-3.01,above 20-obs avg,2.75,2.73,cyclicals leading,-0.9,2.1,-3,above 20d avg,0.2864,0.2846,elevated,150.02,144.74
2026-07-06T18:30:26.233Z,risk-on,4-3,normal,0.35,above 20d avg,100.91,100.6,contango,15.76,18.84,-3.08,above 20-obs avg,2.74,2.73,cyclicals leading,-0.9,2,-3,above 20d avg,0.2863,0.2846,elevated,150.02,144.74
2026-07-06T18:30:27.106Z,risk-on,4-3,normal,0.35,above 20d avg,100.91,100.6,contango,15.76,18.84,-3.08,above 20-obs avg,2.74,2.73,cyclicals leading,-0.9,2,-3,above 20d avg,0.2863,0.2846,elevated,150.02,144.74
2026-07-06T18:55:12.095Z,risk-on,4-3,normal,0.35,above 20d avg,100.87,100.6,contango,15.77,18.82,-3.05,above 20-obs avg,2.74,2.73,cyclicals leading,-0.7,2,-2.7,above 20d avg,0.2863,0.2846,elevated,150.02,144.74
2026-07-06T18:55:12.674Z,risk-on,4-3,normal,0.35,above 20d avg,100.87,100.6,contango,15.77,18.82,-3.05,above 20-obs avg,2.74,2.73,cyclicals leading,-0.7,2,-2.7,above 20d avg,0.2863,0.2846,elevated,150.02,144.74
2026-07-06T19:15:25.946Z,risk-on,4-3,normal,0.35,above 20d avg,100.86,100.6,contango,15.62,18.73,-3.11,above 20-obs avg,2.74,2.73,cyclicals leading,-0.7,1.9,-2.7,above 20d avg,0.2861,0.2846,elevated,150.02,144.74
2026-07-06T19:15:26.506Z,risk-on,4-3,normal,0.35,above 20d avg,100.86,100.6,contango,15.62,18.73,-3.11,above 20-obs avg,2.74,2.73,cyclicals leading,-0.7,1.9,-2.7,above 20d avg,0.2861,0.2846,elevated,150.02,144.74
2026-07-06T19:19:33.331Z,risk-on,4-3,normal,0.35,above 20d avg,100.86,100.6,contango,15.68,18.77,-3.09,above 20-obs avg,2.74,2.73,cyclicals leading,-0.8,2,-2.8,above 20d avg,0.2861,0.2846,elevated,150.02,144.74
2026-07-06T19:19:33.784Z,risk-on,4-3,normal,0.35,above 20d avg,100.86,100.6,contango,15.68,18.77,-3.09,above 20-obs avg,2.74,2.73,cyclicals leading,-0.8,2,-2.8,above 20d avg,0.2861,0.2846,elevated,150.02,144.74
2026-07-06T19:40:11.474Z,risk-on,4-3,normal,0.35,above 20d avg,100.89,100.6,contango,15.62,18.75,-3.13,above 20-obs avg,2.74,2.73,cyclicals leading,-0.8,1.9,-2.8,above 20d avg,0.2859,0.2846,elevated,150.02,144.74
2026-07-06T19:40:12.043Z,risk-on,4-3,normal,0.35,above 20d avg,100.89,100.6,contango,15.62,18.75,-3.13,above 20-obs avg,2.74,2.73,cyclicals leading,-0.8,1.9,-2.8,above 20d avg,0.2859,0.2846,elevated,150.02,144.74
2026-07-06T20:00:27.393Z,risk-on,4-3,normal,0.35,above 20d avg,100.87,100.6,contango,15.59,18.73,-3.14,above 20-obs avg,2.74,2.73,cyclicals leading,-0.7,1.9,-2.6,above 20d avg,0.2863,0.2846,elevated,150.02,144.74
2026-07-06T20:00:27.988Z,risk-on,4-3,normal,0.35,above 20d avg,100.87,100.6,contango,15.59,18.73,-3.14,above 20-obs avg,2.74,2.73,cyclicals leading,-0.7,1.9,-2.6,above 20d avg,0.2863,0.2846,elevated,150.02,144.74
2026-07-06T20:30:23.151Z,risk-on,4-3,normal,0.35,above 20d avg,100.88,100.6,contango,15.57,18.78,-3.21,above 20-obs avg,2.74,2.73,cyclicals leading,-0.7,1.9,-2.6,above 20d avg,0.2862,0.2846,elevated,150.02,144.74
2026-07-06T20:30:23.922Z,risk-on,4-3,normal,0.35,above 20d avg,100.88,100.6,contango,15.57,18.78,-3.21,above 20-obs avg,2.74,2.73,cyclicals leading,-0.7,1.9,-2.6,above 20d avg,0.2862,0.2846,elevated,150.02,144.74
2026-07-06T20:55:12.462Z,risk-on,4-3,normal,0.35,above 20d avg,100.88,100.6,contango,15.57,18.78,-3.21,above 20-obs avg,2.74,2.73,cyclicals leading,-0.7,1.9,-2.6,above 20d avg,0.2862,0.2846,elevated,150.02,144.74
2026-07-06T20:55:12.862Z,risk-on,4-3,normal,0.35,above 20d avg,100.88,100.6,contango,15.57,18.78,-3.21,above 20-obs avg,2.74,2.73,cyclicals leading,-0.7,1.9,-2.6,above 20d avg,0.2862,0.2846,elevated,150.02,144.74
2026-07-06T21:06:53.035Z,risk-on,4-3,normal,0.35,above 20d avg,100.88,100.6,contango,15.57,18.78,-3.21,above 20-obs avg,2.74,2.73,cyclicals leading,-0.7,1.9,-2.6,above 20d avg,0.2862,0.2846,elevated,150.02,144.74
2026-07-06T21:06:53.483Z,risk-on,4-3,normal,0.35,above 20d avg,100.88,100.6,contango,15.57,18.78,-3.21,above 20-obs avg,2.74,2.73,cyclicals leading,-0.7,1.9,-2.6,above 20d avg,0.2862,0.2846,elevated,150.02,144.74
2026-07-07T13:05:15.485Z,risk-on,4-3,normal,0.35,above 20d avg,100.92,100.64,contango,15.85,19.04,-3.19,above 20-obs avg,2.74,2.73,cyclicals leading,-0.7,1.9,-2.6,above 20d avg,0.2862,0.2846,elevated,145.38,144.9
2026-07-07T13:24:33.980Z,risk-on,4-3,normal,0.35,above 20d avg,100.93,100.64,contango,15.9,19.04,-3.14,above 20-obs avg,2.74,2.73,cyclicals leading,-0.7,1.9,-2.6,above 20d avg,0.2862,0.2846,elevated,145.38,144.9
2026-07-07T13:24:34.543Z,risk-on,4-3,normal,0.35,above 20d avg,100.93,100.64,contango,15.9,19.04,-3.14,above 20-obs avg,2.74,2.73,cyclicals leading,-0.7,1.9,-2.6,above 20d avg,0.2862,0.2846,elevated,145.38,144.9
2026-07-07T13:45:27.231Z,risk-off,4-3,normal,0.35,above 20d avg,100.9,100.64,contango,15.89,19.04,-3.15,above 20-obs avg,2.74,2.73,defensives leading,1.5,1.1,0.4,above 20d avg,0.288,0.2849,elevated,145.38,144.9
2026-07-07T13:45:27.722Z,risk-off,4-3,normal,0.35,above 20d avg,100.9,100.64,contango,15.89,19.04,-3.15,above 20-obs avg,2.74,2.73,defensives leading,1.5,1.1,0.4,above 20d avg,0.288,0.2849,elevated,145.38,144.9
2026-07-07T14:05:13.640Z,risk-on,4-3,normal,0.35,above 20d avg,100.89,100.64,contango,15.93,18.99,-3.06,below 20-obs avg,2.72,2.73,defensives leading,1.6,1,0.6,above 20d avg,0.2878,0.2849,elevated,145.38,144.9
2026-07-07T14:05:14.092Z,risk-on,4-3,normal,0.35,above 20d avg,100.9,100.64,contango,15.93,18.99,-3.06,below 20-obs avg,2.72,2.73,defensives leading,1.6,1,0.6,above 20d avg,0.2877,0.2849,elevated,145.38,144.9
2026-07-07T14:30:27.980Z,risk-on,4-3,normal,0.35,above 20d avg,100.96,100.64,contango,16.36,19.19,-2.83,below 20-obs avg,2.72,2.73,defensives leading,1.4,1,0.4,above 20d avg,0.2882,0.2849,elevated,145.38,144.9
2026-07-07T14:30:28.426Z,risk-on,4-3,normal,0.35,above 20d avg,100.96,100.64,contango,16.36,19.19,-2.83,below 20-obs avg,2.72,2.73,defensives leading,1.4,1,0.4,above 20d avg,0.2882,0.2849,elevated,145.38,144.9
2026-07-07T14:50:14.231Z,risk-on,4-3,normal,0.35,above 20d avg,100.93,100.64,contango,16.38,19.23,-2.85,below 20-obs avg,2.72,2.73,defensives leading,1.8,1,0.7,above 20d avg,0.2887,0.285,elevated,145.38,144.9
2026-07-07T14:50:14.749Z,risk-on,4-3,normal,0.35,above 20d avg,100.93,100.64,contango,16.38,19.23,-2.85,below 20-obs avg,2.72,2.73,defensives leading,1.8,1,0.7,above 20d avg,0.2887,0.285,elevated,145.38,144.9
2026-07-07T15:15:27.978Z,risk-on,4-3,normal,0.35,above 20d avg,100.93,100.64,contango,16.4,19.24,-2.84,below 20-obs avg,2.72,2.73,defensives leading,1.1,0.8,0.3,above 20d avg,0.2882,0.2849,elevated,145.38,144.9
2026-07-07T15:15:28.792Z,risk-on,4-3,normal,0.35,above 20d avg,100.93,100.64,contango,16.4,19.24,-2.84,below 20-obs avg,2.72,2.73,defensives leading,1.1,0.8,0.3,above 20d avg,0.2882,0.2849,elevated,145.38,144.9
2026-07-07T15:35:15.191Z,risk-on,4-3,normal,0.35,above 20d avg,100.96,100.64,contango,16.43,19.26,-2.83,below 20-obs avg,2.72,2.73,defensives leading,1,0.6,0.4,above 20d avg,0.2882,0.2849,elevated,145.38,144.9
2026-07-07T15:35:15.604Z,risk-on,4-3,normal,0.35,above 20d avg,100.96,100.64,contango,16.43,19.26,-2.83,below 20-obs avg,2.72,2.73,defensives leading,1,0.6,0.4,above 20d avg,0.2882,0.2849,elevated,145.38,144.9
2026-07-07T16:00:27.030Z,risk-on,4-3,normal,0.35,above 20d avg,100.97,100.64,contango,16.27,19.17,-2.9,below 20-obs avg,2.72,2.73,defensives leading,0.8,0.5,0.2,above 20d avg,0.2879,0.2849,elevated,145.38,144.9
2026-07-07T16:00:27.976Z,risk-on,4-3,normal,0.35,above 20d avg,100.97,100.64,contango,16.27,19.17,-2.9,below 20-obs avg,2.72,2.73,defensives leading,0.8,0.5,0.2,above 20d avg,0.2879,0.2849,elevated,145.38,144.9
2026-07-07T16:05:11.283Z,risk-on,4-3,normal,0.35,above 20d avg,100.99,100.64,contango,16.25,19.14,-2.89,below 20-obs avg,2.72,2.73,defensives leading,0.7,0.5,0.2,above 20d avg,0.2877,0.2849,elevated,145.38,144.9
2026-07-07T16:05:12.019Z,risk-on,4-3,normal,0.35,above 20d avg,100.99,100.64,contango,16.25,19.14,-2.89,below 20-obs avg,2.72,2.73,defensives leading,0.7,0.5,0.2,above 20d avg,0.2877,0.2849,elevated,145.38,144.9
2026-07-07T16:30:26.337Z,risk-on,4-3,normal,0.35,above 20d avg,101.02,100.64,contango,15.95,18.95,-3,below 20-obs avg,2.72,2.73,defensives leading,0.5,0.3,0.1,above 20d avg,0.2872,0.2849,elevated,145.38,144.9
2026-07-07T16:30:26.738Z,risk-on,4-3,normal,0.35,above 20d avg,101.02,100.64,contango,15.95,18.95,-3,below 20-obs avg,2.72,2.73,defensives leading,0.5,0.3,0.1,above 20d avg,0.2872,0.2849,elevated,145.38,144.9
2026-07-07T16:50:13.024Z,risk-on,4-3,normal,0.35,above 20d avg,101.01,100.64,contango,15.85,18.87,-3.02,below 20-obs avg,2.72,2.73,defensives leading,0.5,0.4,0.1,above 20d avg,0.2871,0.2849,elevated,145.38,144.9
2026-07-07T16:50:13.398Z,risk-on,4-3,normal,0.35,above 20d avg,101.01,100.64,contango,15.85,18.87,-3.02,below 20-obs avg,2.72,2.73,defensives leading,0.5,0.4,0.1,above 20d avg,0.2871,0.2849,elevated,145.38,144.9
2026-07-07T17:15:25.562Z,risk-on,5-2,normal,0.35,above 20d avg,100.97,100.64,contango,15.73,18.77,-3.04,below 20-obs avg,2.72,2.73,cyclicals leading,0.5,0.5,0,above 20d avg,0.2872,0.2849,elevated,145.38,144.9
2026-07-07T17:15:25.976Z,risk-on,5-2,normal,0.35,above 20d avg,100.97,100.64,contango,15.73,18.77,-3.04,below 20-obs avg,2.72,2.73,cyclicals leading,0.5,0.5,0,above 20d avg,0.2872,0.2849,elevated,145.38,144.9
2026-07-07T17:35:17.986Z,risk-on,5-2,normal,0.35,above 20d avg,100.97,100.64,contango,15.71,18.76,-3.05,below 20-obs avg,2.72,2.73,cyclicals leading,0.3,0.6,-0.3,above 20d avg,0.287,0.2849,elevated,145.38,144.9
2026-07-07T17:35:18.414Z,risk-on,5-2,normal,0.35,above 20d avg,100.97,100.64,contango,15.71,18.76,-3.05,below 20-obs avg,2.72,2.73,cyclicals leading,0.3,0.6,-0.3,above 20d avg,0.287,0.2849,elevated,145.38,144.9
2026-07-07T18:00:27.340Z,risk-on,5-2,normal,0.35,above 20d avg,100.96,100.64,contango,15.6,18.71,-3.11,below 20-obs avg,2.72,2.73,cyclicals leading,0.2,0.6,-0.5,above 20d avg,0.2869,0.2849,elevated,145.38,144.9
2026-07-07T18:00:28.070Z,risk-on,5-2,normal,0.35,above 20d avg,100.96,100.64,contango,15.6,18.71,-3.11,below 20-obs avg,2.72,2.73,cyclicals leading,0.2,0.6,-0.5,above 20d avg,0.2869,0.2849,elevated,145.38,144.9
2026-07-07T18:19:34.593Z,risk-on,5-2,normal,0.35,above 20d avg,100.95,100.64,contango,15.6,18.71,-3.11,below 20-obs avg,2.72,2.73,cyclicals leading,0.1,0.7,-0.5,above 20d avg,0.2869,0.2849,elevated,145.38,144.9
2026-07-07T18:19:35.218Z,risk-on,5-2,normal,0.35,above 20d avg,100.95,100.64,contango,15.6,18.71,-3.11,below 20-obs avg,2.72,2.73,cyclicals leading,0.1,0.7,-0.5,above 20d avg,0.2869,0.2849,elevated,145.38,144.9
2026-07-07T18:45:25.900Z,risk-on,5-2,normal,0.35,above 20d avg,100.94,100.64,contango,15.55,18.7,-3.15,below 20-obs avg,2.72,2.73,cyclicals leading,0.4,0.7,-0.3,above 20d avg,0.2872,0.2849,elevated,145.38,144.9
2026-07-07T18:45:26.342Z,risk-on,5-2,normal,0.35,above 20d avg,100.94,100.64,contango,15.55,18.7,-3.15,below 20-obs avg,2.72,2.73,cyclicals leading,0.4,0.7,-0.3,above 20d avg,0.2872,0.2849,elevated,145.38,144.9
2026-07-07T19:05:13.195Z,risk-on,5-2,normal,0.35,above 20d avg,101.03,100.64,contango,15.79,18.86,-3.07,below 20-obs avg,2.72,2.73,cyclicals leading,0.4,0.8,-0.5,above 20d avg,0.2873,0.2849,elevated,145.38,144.9
2026-07-07T19:05:13.986Z,risk-on,5-2,normal,0.35,above 20d avg,101.03,100.64,contango,15.79,18.86,-3.07,below 20-obs avg,2.72,2.73,cyclicals leading,0.4,0.8,-0.5,above 20d avg,0.2873,0.2849,elevated,145.38,144.9
2026-07-07T19:30:27.270Z,risk-on,5-2,normal,0.35,above 20d avg,101.09,100.65,contango,16.33,19.15,-2.82,below 20-obs avg,2.72,2.73,cyclicals leading,0.6,0.8,-0.3,above 20d avg,0.2875,0.2849,elevated,145.38,144.9
2026-07-07T19:30:28.396Z,risk-on,5-2,normal,0.35,above 20d avg,101.09,100.65,contango,16.33,19.15,-2.82,below 20-obs avg,2.72,2.73,cyclicals leading,0.6,0.8,-0.3,above 20d avg,0.2875,0.2849,elevated,145.38,144.9
2026-07-07T19:50:15.330Z,risk-on,5-2,normal,0.35,above 20d avg,101.07,100.65,contango,16.23,19.1,-2.87,below 20-obs avg,2.72,2.73,cyclicals leading,0.6,1,-0.4,above 20d avg,0.2877,0.2849,elevated,145.38,144.9
2026-07-07T19:50:16.159Z,risk-on,5-2,normal,0.35,above 20d avg,101.07,100.65,contango,16.23,19.1,-2.87,below 20-obs avg,2.72,2.73,cyclicals leading,0.6,1,-0.3,above 20d avg,0.2877,0.2849,elevated,145.38,144.9
2026-07-07T20:15:28.323Z,risk-on,5-2,normal,0.35,above 20d avg,101.06,100.65,contango,16.16,19.04,-2.88,below 20-obs avg,2.72,2.73,cyclicals leading,0.6,1,-0.4,above 20d avg,0.2872,0.2849,elevated,145.38,144.9
2026-07-07T20:15:31.116Z,risk-on,5-2,normal,0.35,above 20d avg,101.06,100.65,contango,16.16,19.04,-2.88,below 20-obs avg,2.72,2.73,cyclicals leading,0.6,1,-0.4,above 20d avg,0.2872,0.2849,elevated,145.38,144.9
2026-07-07T20:19:55.172Z,risk-on,5-2,normal,0.35,above 20d avg,101.07,100.65,contango,16.14,19.01,-2.87,below 20-obs avg,2.72,2.73,cyclicals leading,0.6,1,-0.4,above 20d avg,0.2872,0.2849,elevated,145.38,144.9
2026-07-07T20:19:55.687Z,risk-on,5-2,normal,0.35,above 20d avg,101.07,100.65,contango,16.14,19.01,-2.87,below 20-obs avg,2.72,2.73,cyclicals leading,0.6,1,-0.4,above 20d avg,0.2872,0.2849,elevated,145.38,144.9
2026-07-07T20:45:25.463Z,risk-on,5-2,normal,0.35,above 20d avg,101.09,100.65,contango,16.13,19.01,-2.88,below 20-obs avg,2.72,2.73,cyclicals leading,0.6,1,-0.4,above 20d avg,0.2872,0.2849,elevated,145.38,144.9
2026-07-07T20:45:26.018Z,risk-on,5-2,normal,0.35,above 20d avg,101.09,100.65,contango,16.13,19.01,-2.88,below 20-obs avg,2.72,2.73,cyclicals leading,0.6,1,-0.4,above 20d avg,0.2872,0.2849,elevated,145.38,144.9
2026-07-07T21:05:13.981Z,risk-on,5-2,normal,0.35,above 20d avg,101.1,100.65,contango,16.13,19.01,-2.88,below 20-obs avg,2.72,2.73,cyclicals leading,0.6,1,-0.4,above 20d avg,0.2872,0.2849,elevated,145.38,144.9
2026-07-07T21:05:14.653Z,risk-on,5-2,normal,0.35,above 20d avg,101.1,100.65,contango,16.13,19.01,-2.88,below 20-obs avg,2.72,2.73,cyclicals leading,0.6,1,-0.4,above 20d avg,0.2872,0.2849,elevated,145.38,144.9
2026-07-07T21:48:28.693Z,risk-on,5-2,normal,0.35,above 20d avg,101.13,100.65,contango,16.13,19.01,-2.88,below 20-obs avg,2.72,2.73,cyclicals leading,0.6,1,-0.4,above 20d avg,0.2872,0.2849,elevated,145.74,144.58
2026-07-07T21:48:29.328Z,risk-on,5-2,normal,0.35,above 20d avg,101.13,100.65,contango,16.13,19.01,-2.88,below 20-obs avg,2.72,2.73,cyclicals leading,0.6,1,-0.4,above 20d avg,0.2872,0.2849,elevated,145.74,144.58
2026-07-08T12:47:54.169Z,risk-on,5-2,normal,0.36,above 20d avg,101.16,100.71,contango,17.47,19.04,-1.57,below 20-obs avg,2.72,2.73,cyclicals leading,0.6,1,-0.4,above 20d avg,0.2872,0.2849,elevated,145.74,144.58
2026-07-08T13:15:28.186Z,risk-on,5-2,normal,0.36,above 20d avg,101.2,100.71,contango,17.59,19.04,-1.45,below 20-obs avg,2.72,2.73,cyclicals leading,0.6,1,-0.4,above 20d avg,0.2872,0.2849,elevated,145.74,144.58
2026-07-08T13:15:28.703Z,risk-on,5-2,normal,0.36,above 20d avg,101.2,100.71,contango,17.59,19.04,-1.45,below 20-obs avg,2.72,2.73,cyclicals leading,0.6,1,-0.4,above 20d avg,0.2872,0.2849,elevated,145.74,144.58
2026-07-08T13:35:00.876Z,risk-on,4-3,normal,0.36,above 20d avg,101.18,100.71,contango,17.36,19.04,-1.68,below 20-obs avg,2.72,2.73,defensives leading,1.7,0.5,1.2,above 20d avg,0.2865,0.2852,elevated,145.74,144.58
2026-07-08T13:35:01.330Z,risk-on,4-3,normal,0.36,above 20d avg,101.18,100.71,contango,17.36,19.04,-1.68,below 20-obs avg,2.72,2.73,defensives leading,1.7,0.5,1.2,above 20d avg,0.2864,0.2852,elevated,145.74,144.58
2026-07-08T14:00:28.653Z,risk-on,4-3,normal,0.36,above 20d avg,101.09,100.7,contango,17.16,19.49,-2.33,below 20-obs avg,2.72,2.73,defensives leading,1.9,0.2,1.7,above 20d avg,0.2859,0.2851,elevated,145.74,144.58
2026-07-08T14:00:29.393Z,risk-on,4-3,normal,0.36,above 20d avg,101.09,100.7,contango,17.16,19.49,-2.33,below 20-obs avg,2.72,2.73,defensives leading,1.9,0.2,1.7,above 20d avg,0.286,0.2851,elevated,145.74,144.58
2026-07-08T14:19:54.936Z,risk-on,4-3,normal,0.36,above 20d avg,101.11,100.7,contango,17.26,19.54,-2.28,below 20-obs avg,2.72,2.73,defensives leading,2.2,0.1,2.1,above 20d avg,0.2857,0.2851,elevated,145.74,144.58
2026-07-08T14:19:55.356Z,risk-on,4-3,normal,0.36,above 20d avg,101.11,100.7,contango,17.26,19.54,-2.28,below 20-obs avg,2.72,2.73,defensives leading,2.2,0.1,2.1,above 20d avg,0.2857,0.2851,elevated,145.74,144.58
2026-07-08T14:45:28.705Z,risk-on,4-3,normal,0.36,above 20d avg,101.14,100.7,contango,17.61,19.73,-2.12,below 20-obs avg,2.67,2.73,defensives leading,2.5,-0.3,2.7,above 20d avg,0.2856,0.2851,elevated,145.74,144.58
2026-07-08T14:45:29.133Z,risk-on,4-3,normal,0.36,above 20d avg,101.14,100.7,contango,17.61,19.73,-2.12,below 20-obs avg,2.67,2.73,defensives leading,2.5,-0.3,2.7,above 20d avg,0.2856,0.2851,elevated,145.74,144.58
2026-07-08T15:03:34.012Z,risk-on,4-3,normal,0.36,above 20d avg,101.14,100.7,contango,18.07,19.98,-1.91,below 20-obs avg,2.67,2.73,defensives leading,2.3,-0.5,2.8,above 20d avg,0.2854,0.2851,elevated,145.74,144.58
2026-07-08T15:03:34.494Z,risk-on,4-3,normal,0.36,above 20d avg,101.14,100.7,contango,18.05,19.98,-1.93,below 20-obs avg,2.67,2.73,defensives leading,2.3,-0.5,2.8,above 20d avg,0.2854,0.2851,elevated,145.74,144.58
2026-07-08T15:30:26.397Z,risk-on,4-3,normal,0.36,above 20d avg,101.19,100.71,contango,18.1,20.04,-1.94,below 20-obs avg,2.67,2.73,defensives leading,2.3,-0.4,2.7,above 20d avg,0.2859,0.2851,elevated,145.74,144.58
2026-07-08T15:30:26.914Z,risk-on,4-3,normal,0.36,above 20d avg,101.19,100.71,contango,18.1,20.04,-1.94,below 20-obs avg,2.67,2.73,defensives leading,2.3,-0.4,2.7,above 20d avg,0.2859,0.2851,elevated,145.74,144.58
2026-07-08T15:49:57.283Z,risk-on,4-3,normal,0.36,above 20d avg,101.25,100.71,contango,18.29,20.18,-1.89,below 20-obs avg,2.67,2.73,defensives leading,2.4,-0.4,2.8,above 20d avg,0.2858,0.2851,elevated,145.74,144.58
2026-07-08T15:49:57.782Z,risk-on,4-3,normal,0.36,above 20d avg,101.25,100.71,contango,18.29,20.18,-1.89,below 20-obs avg,2.67,2.73,defensives leading,2.4,-0.4,2.8,above 20d avg,0.2858,0.2851,elevated,145.74,144.58
2026-07-08T16:15:26.190Z,risk-on,4-3,normal,0.36,above 20d avg,101.23,100.71,contango,18.23,20.15,-1.92,below 20-obs avg,2.67,2.73,defensives leading,2.3,-0.4,2.7,above 20d avg,0.2854,0.2851,elevated,145.74,144.58
2026-07-08T16:15:26.574Z,risk-on,4-3,normal,0.36,above 20d avg,101.23,100.71,contango,18.23,20.15,-1.92,below 20-obs avg,2.67,2.73,defensives leading,2.3,-0.4,2.7,above 20d avg,0.2854,0.2851,elevated,145.74,144.58
2026-07-08T16:34:56.159Z,risk-off,4-3,normal,0.36,above 20d avg,101.19,100.71,contango,17.67,19.87,-2.2,below 20-obs avg,2.67,2.73,defensives leading,2.1,-0.4,2.6,below 20d avg,0.2851,0.2851,elevated,145.74,144.58
2026-07-08T16:34:56.562Z,risk-on,4-3,normal,0.36,above 20d avg,101.19,100.71,contango,17.67,19.87,-2.2,below 20-obs avg,2.67,2.73,defensives leading,2.1,-0.4,2.6,above 20d avg,0.2851,0.2851,elevated,145.74,144.58
2026-07-08T16:47:28.274Z,risk-on,4-3,normal,0.36,above 20d avg,101.16,100.71,contango,17.45,19.73,-2.28,below 20-obs avg,2.67,2.73,defensives leading,2.1,-0.3,2.4,above 20d avg,0.2853,0.2851,elevated,145.74,144.58
2026-07-08T16:47:29.176Z,risk-on,4-3,normal,0.36,above 20d avg,101.16,100.71,contango,17.45,19.73,-2.28,below 20-obs avg,2.67,2.73,defensives leading,2.1,-0.3,2.4,above 20d avg,0.2853,0.2851,elevated,145.74,144.58
2026-07-08T17:15:26.415Z,risk-on,4-3,normal,0.36,above 20d avg,101.07,100.7,contango,16.94,19.45,-2.51,below 20-obs avg,2.67,2.73,defensives leading,2.1,-0.2,2.3,above 20d avg,0.2852,0.2851,elevated,145.74,144.58
2026-07-08T17:15:27.139Z,risk-on,4-3,normal,0.36,above 20d avg,101.07,100.7,contango,16.94,19.45,-2.51,below 20-obs avg,2.67,2.73,defensives leading,2.1,-0.2,2.3,above 20d avg,0.2852,0.2851,elevated,145.74,144.58
2026-07-08T17:34:56.319Z,risk-off,4-3,normal,0.36,above 20d avg,101,100.7,contango,16.83,19.38,-2.55,below 20-obs avg,2.67,2.73,defensives leading,1.9,-0.2,2.2,below 20d avg,0.2848,0.2851,elevated,145.74,144.58
2026-07-08T17:34:56.751Z,risk-off,4-3,normal,0.36,above 20d avg,101,100.7,contango,16.83,19.38,-2.55,below 20-obs avg,2.67,2.73,defensives leading,1.9,-0.2,2.2,below 20d avg,0.2848,0.2851,elevated,145.74,144.58
2026-07-08T18:00:26.487Z,risk-on,4-3,normal,0.36,above 20d avg,101.03,100.7,contango,16.79,19.33,-2.54,below 20-obs avg,2.67,2.73,defensives leading,2,-0.3,2.3,above 20d avg,0.2852,0.2851,elevated,145.74,144.58
2026-07-08T18:00:26.913Z,risk-on,4-3,normal,0.36,above 20d avg,101.03,100.7,contango,16.79,19.33,-2.54,below 20-obs avg,2.67,2.73,defensives leading,2,-0.3,2.3,above 20d avg,0.2852,0.2851,elevated,145.74,144.58
2026-07-08T18:10:24.309Z,risk-off,4-3,normal,0.36,above 20d avg,101.06,100.7,contango,16.91,19.39,-2.48,below 20-obs avg,2.67,2.73,defensives leading,2,-0.2,2.2,below 20d avg,0.2851,0.2851,elevated,145.74,144.58
2026-07-08T18:10:24.884Z,risk-off,4-3,normal,0.36,above 20d avg,101.06,100.7,contango,16.91,19.39,-2.48,below 20-obs avg,2.67,2.73,defensives leading,2,-0.2,2.2,below 20d avg,0.2851,0.2851,elevated,145.74,144.58
2026-07-08T18:30:25.980Z,risk-on,4-3,normal,0.36,above 20d avg,100.99,100.7,contango,16.69,19.27,-2.58,below 20-obs avg,2.67,2.73,defensives leading,2.1,-0.3,2.4,above 20d avg,0.2852,0.2851,elevated,145.74,144.58
2026-07-08T18:30:26.372Z,risk-on,4-3,normal,0.36,above 20d avg,100.99,100.7,contango,16.69,19.27,-2.58,below 20-obs avg,2.67,2.73,defensives leading,2.1,-0.3,2.4,above 20d avg,0.2853,0.2851,elevated,145.74,144.58
2026-07-08T18:49:58.497Z,risk-off,4-3,normal,0.36,above 20d avg,100.98,100.7,contango,16.94,19.43,-2.49,below 20-obs avg,2.67,2.73,defensives leading,2,-0.4,2.4,below 20d avg,0.2849,0.2851,elevated,145.74,144.58
2026-07-08T18:49:59.093Z,risk-off,4-3,normal,0.36,above 20d avg,100.98,100.7,contango,16.94,19.43,-2.49,below 20-obs avg,2.67,2.73,defensives leading,2,-0.4,2.4,below 20d avg,0.2849,0.2851,elevated,145.74,144.58
2026-07-08T19:15:26.110Z,risk-off,4-3,normal,0.36,above 20d avg,100.97,100.7,contango,16.75,19.32,-2.57,below 20-obs avg,2.67,2.73,defensives leading,2,-0.3,2.3,below 20d avg,0.2848,0.2851,elevated,145.74,144.58
2026-07-08T19:15:26.864Z,risk-off,4-3,normal,0.36,above 20d avg,100.97,100.7,contango,16.75,19.32,-2.57,below 20-obs avg,2.67,2.73,defensives leading,2,-0.3,2.3,below 20d avg,0.2848,0.2851,elevated,145.74,144.58
2026-07-08T19:34:55.657Z,risk-off,4-3,normal,0.36,above 20d avg,100.96,100.7,contango,16.89,19.37,-2.48,below 20-obs avg,2.67,2.73,defensives leading,1.8,-0.4,2.2,below 20d avg,0.2847,0.2851,elevated,145.74,144.58
2026-07-08T19:34:56.181Z,risk-off,4-3,normal,0.36,above 20d avg,100.96,100.7,contango,16.89,19.37,-2.48,below 20-obs avg,2.67,2.73,defensives leading,1.8,-0.4,2.2,below 20d avg,0.2847,0.2851,elevated,145.74,144.58
2026-07-08T19:56:01.829Z,risk-off,4-3,normal,0.35,above 20d avg,100.98,100.7,contango,16.84,19.33,-2.49,below 20-obs avg,2.67,2.73,defensives leading,1.7,-0.5,2.2,below 20d avg,0.2845,0.2851,elevated,145.74,144.58
2026-07-08T19:56:02.362Z,risk-off,4-3,normal,0.35,above 20d avg,100.98,100.7,contango,16.85,19.33,-2.48,below 20-obs avg,2.67,2.73,defensives leading,1.7,-0.5,2.2,below 20d avg,0.2845,0.2851,elevated,145.74,144.58
2026-07-08T20:15:29.983Z,risk-off,4-3,normal,0.35,above 20d avg,100.99,100.7,contango,16.79,19.4,-2.61,below 20-obs avg,2.67,2.73,defensives leading,1.6,-0.5,2.1,below 20d avg,0.2847,0.2851,elevated,145.74,144.58
2026-07-08T20:15:30.457Z,risk-off,4-3,normal,0.35,above 20d avg,100.99,100.7,contango,16.79,19.4,-2.61,below 20-obs avg,2.67,2.73,defensives leading,1.6,-0.5,2.1,below 20d avg,0.2847,0.2851,elevated,145.74,144.58
2026-07-08T20:34:56.415Z,risk-off,4-3,normal,0.35,above 20d avg,101.01,100.7,contango,16.9,19.46,-2.56,below 20-obs avg,2.67,2.73,defensives leading,1.6,-0.5,2.1,below 20d avg,0.2847,0.2851,elevated,145.74,144.58
2026-07-08T20:34:56.832Z,risk-off,4-3,normal,0.35,above 20d avg,101.01,100.7,contango,16.9,19.46,-2.56,below 20-obs avg,2.67,2.73,defensives leading,1.6,-0.5,2.1,below 20d avg,0.2847,0.2851,elevated,145.74,144.58
2026-07-08T21:04:57.917Z,risk-off,4-3,normal,0.35,above 20d avg,101.07,100.7,contango,16.9,19.46,-2.56,below 20-obs avg,2.67,2.73,defensives leading,1.6,-0.5,2.1,below 20d avg,0.2847,0.2851,elevated,145.74,144.58
2026-07-08T21:04:58.297Z,risk-off,4-3,normal,0.35,above 20d avg,101.07,100.7,contango,16.9,19.46,-2.56,below 20-obs avg,2.67,2.73,defensives leading,1.6,-0.5,2.1,below 20d avg,0.2847,0.2851,elevated,145.74,144.58
2026-07-08T21:18:35.266Z,risk-off,4-3,normal,0.35,above 20d avg,101.04,100.7,contango,16.9,19.46,-2.56,below 20-obs avg,2.67,2.73,defensives leading,1.6,-0.5,2.1,below 20d avg,0.2847,0.2851,elevated,149.79,144.82
2026-07-08T21:18:35.799Z,risk-off,4-3,normal,0.35,above 20d avg,101.04,100.7,contango,16.9,19.46,-2.56,below 20-obs avg,2.67,2.73,defensives leading,1.6,-0.5,2.1,below 20d avg,0.2847,0.2851,elevated,149.79,144.82
2026-07-09T13:00:58.422Z,risk-off,4-3,normal,0.35,above 20d avg,100.99,100.75,contango,16.77,19.04,-2.27,below 20-obs avg,2.67,2.73,defensives leading,1.6,-0.5,2.1,below 20d avg,0.2847,0.2851,elevated,149.79,144.82
2026-07-09T13:30:59.429Z,risk-off,4-3,normal,0.35,above 20d avg,100.95,100.75,contango,16.75,19.04,-2.29,below 20-obs avg,2.67,2.73,defensives leading,1.4,-0.6,2,below 20d avg,0.285,0.2851,elevated,149.79,144.82
2026-07-09T13:31:01.196Z,risk-off,4-3,normal,0.35,above 20d avg,100.95,100.75,contango,16.75,19.04,-2.29,below 20-obs avg,2.67,2.73,defensives leading,1.4,-0.6,2,below 20d avg,0.2849,0.2851,elevated,149.79,144.82
2026-07-09T13:52:40.684Z,risk-off,4-3,normal,0.35,above 20d avg,100.93,100.75,contango,16.66,19.25,-2.59,below 20-obs avg,2.67,2.73,defensives leading,1,-0.3,1.3,below 20d avg,0.2848,0.2851,elevated,149.79,144.82
2026-07-09T13:52:41.528Z,risk-off,4-3,normal,0.35,above 20d avg,100.93,100.75,contango,16.66,19.25,-2.59,below 20-obs avg,2.67,2.73,defensives leading,1,-0.3,1.4,below 20d avg,0.2848,0.2851,elevated,149.79,144.82
2026-07-09T14:15:55.993Z,risk-on,4-3,normal,0.35,above 20d avg,100.85,100.75,contango,16.47,19.18,-2.71,below 20-obs avg,2.67,2.73,defensives leading,1.3,-0.8,2.1,above 20d avg,0.2857,0.2852,elevated,149.79,144.82
2026-07-09T14:15:56.701Z,risk-on,4-3,normal,0.35,above 20d avg,100.85,100.75,contango,16.47,19.18,-2.71,below 20-obs avg,2.67,2.73,defensives leading,1.3,-0.8,2.1,above 20d avg,0.2857,0.2852,elevated,149.79,144.82
2026-07-09T14:45:57.379Z,risk-on,4-3,normal,0.35,above 20d avg,100.88,100.75,contango,16.67,19.31,-2.64,below 20-obs avg,2.67,2.73,defensives leading,1.3,-0.5,1.8,above 20d avg,0.2859,0.2852,elevated,149.79,144.82
2026-07-09T14:45:58.000Z,risk-on,4-3,normal,0.35,above 20d avg,100.88,100.75,contango,16.67,19.31,-2.64,below 20-obs avg,2.67,2.73,defensives leading,1.3,-0.5,1.8,above 20d avg,0.2859,0.2852,elevated,149.79,144.82
2026-07-09T15:15:59.331Z,risk-on,4-3,normal,0.35,above 20d avg,100.95,100.75,contango,16.37,19.17,-2.8,below 20-obs avg,2.67,2.73,defensives leading,1.4,-0.2,1.6,above 20d avg,0.2856,0.2852,elevated,149.79,144.82
2026-07-09T15:15:59.934Z,risk-on,4-3,normal,0.35,above 20d avg,100.95,100.75,contango,16.37,19.17,-2.8,below 20-obs avg,2.67,2.73,defensives leading,1.4,-0.2,1.6,above 20d avg,0.2856,0.2852,elevated,149.79,144.82
2026-07-09T16:24:13.159Z,risk-on,4-3,normal,0.35,above 20d avg,100.86,100.75,contango,16.04,19,-2.96,below 20-obs avg,2.67,2.73,defensives leading,1.1,0,1.1,above 20d avg,0.2852,0.2851,elevated,149.79,144.82
2026-07-09T16:24:13.590Z,risk-on,4-3,normal,0.35,above 20d avg,100.86,100.75,contango,16.04,19,-2.96,below 20-obs avg,2.67,2.73,defensives leading,1.1,0,1.1,above 20d avg,0.2852,0.2851,elevated,149.79,144.82
2026-07-09T16:45:56.843Z,risk-on,4-3,normal,0.35,above 20d avg,100.9,100.75,contango,16.04,19.02,-2.98,below 20-obs avg,2.67,2.73,defensives leading,1.3,0,1.2,above 20d avg,0.2852,0.2851,elevated,149.79,144.82
2026-07-09T16:45:57.287Z,risk-on,4-3,normal,0.35,above 20d avg,100.9,100.75,contango,16.04,19.02,-2.98,below 20-obs avg,2.67,2.73,defensives leading,1.3,0,1.2,above 20d avg,0.2852,0.2851,elevated,149.79,144.82
2026-07-09T17:15:58.966Z,risk-off,4-3,normal,0.35,above 20d avg,100.89,100.75,contango,16,19.01,-3.01,below 20-obs avg,2.67,2.73,defensives leading,1.1,0.1,1,below 20d avg,0.2848,0.2851,elevated,149.79,144.82
2026-07-09T17:15:59.625Z,risk-off,4-3,normal,0.35,above 20d avg,100.89,100.75,contango,16,19.01,-3.01,below 20-obs avg,2.67,2.73,defensives leading,1.1,0.1,1,below 20d avg,0.2848,0.2851,elevated,149.79,144.82
2026-07-09T17:45:56.930Z,risk-off,4-3,normal,0.35,above 20d avg,100.87,100.75,contango,16.02,19.04,-3.02,below 20-obs avg,2.67,2.73,defensives leading,1.1,0.1,1,below 20d avg,0.2848,0.2851,elevated,149.79,144.82
2026-07-09T17:45:57.661Z,risk-off,4-3,normal,0.35,above 20d avg,100.87,100.75,contango,16.02,19.04,-3.02,below 20-obs avg,2.67,2.73,defensives leading,1.1,0.1,1,below 20d avg,0.2848,0.2851,elevated,149.79,144.82
2026-07-09T18:15:56.950Z,risk-off,4-3,normal,0.35,above 20d avg,100.89,100.75,contango,16.01,19.03,-3.02,below 20-obs avg,2.67,2.73,defensives leading,1,0.1,0.9,below 20d avg,0.2847,0.2851,elevated,149.79,144.82
2026-07-09T18:15:57.501Z,risk-off,4-3,normal,0.35,above 20d avg,100.89,100.75,contango,16.01,19.03,-3.02,below 20-obs avg,2.67,2.73,defensives leading,1,0.1,0.9,below 20d avg,0.2847,0.2851,elevated,149.79,144.82
2026-07-09T18:20:16.480Z,risk-off,4-3,normal,0.35,above 20d avg,100.88,100.75,contango,16.01,19.03,-3.02,below 20-obs avg,2.67,2.73,defensives leading,1,0.1,0.9,below 20d avg,0.2847,0.2851,elevated,149.79,144.82
2026-07-09T18:20:17.142Z,risk-off,4-3,normal,0.35,above 20d avg,100.88,100.75,contango,16.01,19.03,-3.02,below 20-obs avg,2.67,2.73,defensives leading,1,0.1,0.9,below 20d avg,0.2847,0.2851,elevated,149.79,144.82
2026-07-09T18:45:57.506Z,risk-off,4-3,normal,0.35,above 20d avg,100.91,100.75,contango,16.06,19.05,-2.99,below 20-obs avg,2.67,2.73,defensives leading,0.7,0.1,0.7,below 20d avg,0.2844,0.2851,elevated,149.79,144.82
2026-07-09T18:45:58.030Z,risk-off,4-3,normal,0.35,above 20d avg,100.92,100.75,contango,16.06,19.05,-2.99,below 20-obs avg,2.67,2.73,defensives leading,0.7,0.1,0.7,below 20d avg,0.2844,0.2851,elevated,149.79,144.82
2026-07-09T19:15:57.476Z,risk-off,4-3,normal,0.35,above 20d avg,100.91,100.75,contango,16.07,19.08,-3.01,below 20-obs avg,2.7,2.72,defensives leading,0.9,0,0.9,below 20d avg,0.2846,0.2851,elevated,149.79,144.82
2026-07-09T19:15:57.951Z,risk-off,4-3,normal,0.35,above 20d avg,100.91,100.75,contango,16.07,19.08,-3.01,below 20-obs avg,2.7,2.72,defensives leading,0.9,0,0.9,below 20d avg,0.2846,0.2851,elevated,149.79,144.82
2026-07-09T19:45:57.399Z,risk-off,4-3,normal,0.35,above 20d avg,100.95,100.75,contango,15.92,19.03,-3.11,below 20-obs avg,2.7,2.72,defensives leading,0.7,0.1,0.7,below 20d avg,0.2842,0.2851,elevated,149.79,144.82
2026-07-09T19:45:57.949Z,risk-off,4-3,normal,0.35,above 20d avg,100.95,100.75,contango,15.92,19.03,-3.11,below 20-obs avg,2.7,2.72,defensives leading,0.7,0.1,0.7,below 20d avg,0.2842,0.2851,elevated,149.79,144.82
2026-07-09T20:13:32.405Z,risk-off,4-3,normal,0.35,above 20d avg,100.95,100.75,contango,15.78,18.94,-3.16,below 20-obs avg,2.7,2.72,defensives leading,0.8,0,0.8,below 20d avg,0.2841,0.2851,elevated,149.79,144.82
2026-07-09T20:13:32.834Z,risk-off,4-3,normal,0.35,above 20d avg,100.95,100.75,contango,15.78,18.94,-3.16,below 20-obs avg,2.7,2.72,defensives leading,0.8,0,0.8,below 20d avg,0.2841,0.2851,elevated,149.79,144.82
2026-07-09T20:45:56.819Z,risk-off,4-3,normal,0.35,above 20d avg,100.94,100.75,contango,15.84,18.99,-3.15,below 20-obs avg,2.7,2.72,defensives leading,0.8,0,0.8,below 20d avg,0.284,0.2851,elevated,149.79,144.82
2026-07-09T20:45:57.265Z,risk-off,4-3,normal,0.35,above 20d avg,100.94,100.75,contango,15.84,18.99,-3.15,below 20-obs avg,2.7,2.72,defensives leading,0.8,0,0.8,below 20d avg,0.284,0.2851,elevated,149.79,144.82
2026-07-09T21:15:57.663Z,risk-on,4-3,normal,0.35,above 20d avg,100.93,100.75,contango,15.84,18.99,-3.15,below 20-obs avg,2.7,2.72,defensives leading,0.8,0,0.8,below 20d avg,0.284,0.2851,subdued,144.67,144.95
2026-07-09T21:15:58.345Z,risk-on,4-3,normal,0.35,above 20d avg,100.93,100.75,contango,15.84,18.99,-3.15,below 20-obs avg,2.7,2.72,defensives leading,0.8,0,0.8,below 20d avg,0.284,0.2851,subdued,144.67,144.95
2026-07-09T21:45:58.577Z,risk-on,4-3,normal,0.35,above 20d avg,100.94,100.75,contango,15.84,18.99,-3.15,below 20-obs avg,2.7,2.72,defensives leading,0.8,0,0.8,below 20d avg,0.284,0.2851,subdued,144.67,144.95
2026-07-09T21:45:59.069Z,risk-on,4-3,normal,0.35,above 20d avg,100.94,100.75,contango,15.84,18.99,-3.15,below 20-obs avg,2.7,2.72,defensives leading,0.8,0,0.8,below 20d avg,0.284,0.2851,subdued,144.67,144.95
2026-07-09T21:48:47.538Z,risk-on,4-3,normal,0.35,above 20d avg,100.93,100.75,contango,15.84,18.99,-3.15,below 20-obs avg,2.7,2.72,defensives leading,0.8,0,0.8,below 20d avg,0.284,0.2851,subdued,144.67,144.95
2026-07-09T21:48:47.930Z,risk-on,4-3,normal,0.35,above 20d avg,100.93,100.75,contango,15.84,18.99,-3.15,below 20-obs avg,2.7,2.72,defensives leading,0.8,0,0.8,below 20d avg,0.284,0.2851,subdued,144.67,144.95
2026-07-10T13:00:31.230Z,risk-on,4-3,normal,0.38,above 20d avg,100.88,100.8,contango,15.8,19.04,-3.24,below 20-obs avg,2.7,2.72,defensives leading,0.8,0,0.8,below 20d avg,0.284,0.2851,subdued,144.67,144.95
2026-07-10T13:17:43.171Z,risk-on,4-3,normal,0.38,above 20d avg,100.9,100.8,contango,15.76,19.04,-3.28,below 20-obs avg,2.7,2.72,defensives leading,0.8,0,0.8,below 20d avg,0.284,0.2851,subdued,144.67,144.95
2026-07-10T13:17:43.874Z,risk-on,4-3,normal,0.38,above 20d avg,100.9,100.8,contango,15.76,19.04,-3.28,below 20-obs avg,2.7,2.72,defensives leading,0.8,0,0.8,below 20d avg,0.284,0.2851,subdued,144.67,144.95
2026-07-10T13:45:26.700Z,risk-on,5-2,normal,0.38,above 20d avg,100.92,100.8,contango,15.73,19.04,-3.31,below 20-obs avg,2.7,2.72,cyclicals leading,-1.4,0.4,-1.7,below 20d avg,0.285,0.2851,subdued,144.67,144.95
2026-07-10T13:45:27.522Z,risk-on,5-2,normal,0.38,above 20d avg,100.92,100.8,contango,15.73,19.04,-3.31,below 20-obs avg,2.7,2.72,cyclicals leading,-1.4,0.4,-1.7,below 20d avg,0.285,0.2851,subdued,144.67,144.95
2026-07-10T14:04:15.112Z,risk-on,5-2,normal,0.38,above 20d avg,100.9,100.8,contango,15.57,18.86,-3.29,below 20-obs avg,2.7,2.72,cyclicals leading,-1.4,0.2,-1.6,below 20d avg,0.2847,0.2851,subdued,144.67,144.95
2026-07-10T14:04:16.146Z,risk-on,5-2,normal,0.38,above 20d avg,100.9,100.8,contango,15.57,18.86,-3.29,below 20-obs avg,2.7,2.72,cyclicals leading,-1.4,0.2,-1.6,below 20d avg,0.2847,0.2851,subdued,144.67,144.95
2026-07-10T14:30:26.415Z,risk-on,5-2,normal,0.38,above 20d avg,100.91,100.8,contango,15.57,18.91,-3.34,below 20-obs avg,2.7,2.72,cyclicals leading,-1.2,0.2,-1.4,below 20d avg,0.2849,0.2851,subdued,144.67,144.95
2026-07-10T14:30:27.000Z,risk-on,5-2,normal,0.38,above 20d avg,100.91,100.8,contango,15.57,18.91,-3.34,below 20-obs avg,2.7,2.72,cyclicals leading,-1.2,0.2,-1.4,below 20d avg,0.2849,0.2851,subdued,144.67,144.95
2026-07-10T14:49:15.757Z,risk-on,5-2,normal,0.38,above 20d avg,100.92,100.8,contango,15.87,19.14,-3.27,below 20-obs avg,2.7,2.72,cyclicals leading,-1.1,0.2,-1.4,below 20d avg,0.2851,0.2851,subdued,144.67,144.95
2026-07-10T14:49:16.346Z,risk-on,5-2,normal,0.38,above 20d avg,100.92,100.8,contango,15.87,19.14,-3.27,below 20-obs avg,2.7,2.72,cyclicals leading,-1.1,0.2,-1.4,below 20d avg,0.2851,0.2851,subdued,144.67,144.95
2026-07-10T15:15:26.063Z,risk-on,5-2,normal,0.38,above 20d avg,100.9,100.8,contango,15.82,19.05,-3.23,below 20-obs avg,2.7,2.72,cyclicals leading,-1.2,0.2,-1.4,below 20d avg,0.2849,0.2851,subdued,144.67,144.95
2026-07-10T15:15:27.007Z,risk-on,5-2,normal,0.38,above 20d avg,100.9,100.8,contango,15.82,19.05,-3.23,below 20-obs avg,2.7,2.72,cyclicals leading,-1.2,0.2,-1.4,below 20d avg,0.2849,0.2851,subdued,144.67,144.95
2026-07-10T15:34:14.105Z,risk-on,5-2,normal,0.38,above 20d avg,100.8,100.79,contango,15.46,18.87,-3.41,below 20-obs avg,2.7,2.72,cyclicals leading,-1.2,0.2,-1.4,below 20d avg,0.2845,0.2851,subdued,144.67,144.95
2026-07-10T15:34:14.969Z,risk-on,5-2,normal,0.38,above 20d avg,100.8,100.79,contango,15.46,18.87,-3.41,below 20-obs avg,2.7,2.72,cyclicals leading,-1.2,0.2,-1.4,below 20d avg,0.2845,0.2851,subdued,144.67,144.95
2026-07-10T15:42:01.370Z,risk-on,5-2,normal,0.38,above 20d avg,100.81,100.79,contango,15.43,18.85,-3.42,below 20-obs avg,2.7,2.72,cyclicals leading,-1.1,0.1,-1.3,below 20d avg,0.2846,0.2851,subdued,144.67,144.95
2026-07-10T15:42:02.033Z,risk-on,5-2,normal,0.38,above 20d avg,100.8,100.79,contango,15.43,18.85,-3.42,below 20-obs avg,2.7,2.72,cyclicals leading,-1.1,0.1,-1.3,below 20d avg,0.2846,0.2851,subdued,144.67,144.95
2026-07-10T16:00:26.354Z,risk-on,5-2,normal,0.38,above 20d avg,100.8,100.79,contango,15.58,18.94,-3.36,below 20-obs avg,2.7,2.72,cyclicals leading,-1.2,0.2,-1.4,below 20d avg,0.2844,0.2851,subdued,144.67,144.95
2026-07-10T16:00:27.010Z,risk-on,5-2,normal,0.38,above 20d avg,100.8,100.79,contango,15.58,18.94,-3.36,below 20-obs avg,2.7,2.72,cyclicals leading,-1.2,0.2,-1.4,below 20d avg,0.2845,0.2851,subdued,144.67,144.95
2026-07-10T16:19:15.481Z,risk-on,6-1,normal,0.38,below 20d avg,100.76,100.79,contango,15.36,18.8,-3.44,below 20-obs avg,2.7,2.72,cyclicals leading,-1.3,0.2,-1.5,below 20d avg,0.2841,0.2851,subdued,144.67,144.95
2026-07-10T16:19:16.082Z,risk-on,6-1,normal,0.38,below 20d avg,100.76,100.79,contango,15.36,18.8,-3.44,below 20-obs avg,2.7,2.72,cyclicals leading,-1.3,0.2,-1.5,below 20d avg,0.2842,0.2851,subdued,144.67,144.95
2026-07-10T16:45:27.318Z,risk-on,6-1,normal,0.38,below 20d avg,100.76,100.79,contango,15.4,18.8,-3.4,below 20-obs avg,2.7,2.72,cyclicals leading,-1.4,0.2,-1.5,below 20d avg,0.284,0.285,subdued,144.67,144.95
2026-07-10T16:45:28.397Z,risk-on,6-1,normal,0.38,below 20d avg,100.76,100.79,contango,15.4,18.8,-3.4,below 20-obs avg,2.7,2.72,cyclicals leading,-1.4,0.2,-1.5,below 20d avg,0.284,0.285,subdued,144.67,144.95
2026-07-10T17:04:15.331Z,risk-on,5-2,normal,0.38,above 20d avg,100.8,100.79,contango,15.24,18.72,-3.48,below 20-obs avg,2.7,2.72,cyclicals leading,-1.1,0.2,-1.3,below 20d avg,0.2844,0.2851,subdued,144.67,144.95
2026-07-10T17:04:16.085Z,risk-on,5-2,normal,0.38,above 20d avg,100.8,100.79,contango,15.24,18.72,-3.48,below 20-obs avg,2.7,2.72,cyclicals leading,-1.1,0.2,-1.4,below 20d avg,0.2844,0.2851,subdued,144.67,144.95
2026-07-10T17:29:37.522Z,risk-on,5-2,normal,0.38,above 20d avg,100.87,100.8,contango,15.33,18.75,-3.42,below 20-obs avg,2.7,2.72,cyclicals leading,-1.1,0.1,-1.3,below 20d avg,0.2841,0.2851,subdued,144.67,144.95
2026-07-10T17:29:38.422Z,risk-on,5-2,normal,0.38,above 20d avg,100.87,100.8,contango,15.33,18.75,-3.42,below 20-obs avg,2.7,2.72,cyclicals leading,-1.1,0.1,-1.3,below 20d avg,0.2841,0.2851,subdued,144.67,144.95
2026-07-10T17:49:13.955Z,risk-on,5-2,normal,0.38,above 20d avg,100.9,100.8,contango,15.37,18.76,-3.39,below 20-obs avg,2.7,2.72,cyclicals leading,-1.1,0.1,-1.2,below 20d avg,0.2843,0.2851,subdued,144.67,144.95
2026-07-10T17:49:14.538Z,risk-on,5-2,normal,0.38,above 20d avg,100.9,100.8,contango,15.37,18.76,-3.39,below 20-obs avg,2.7,2.72,cyclicals leading,-1.1,0.1,-1.2,below 20d avg,0.2843,0.2851,subdued,144.67,144.95
2026-07-10T18:15:24.259Z,risk-on,5-2,normal,0.38,above 20d avg,100.94,100.8,contango,15.39,18.75,-3.36,below 20-obs avg,2.7,2.72,cyclicals leading,-1.1,0.3,-1.4,below 20d avg,0.2842,0.2851,subdued,144.67,144.95
2026-07-10T18:15:24.734Z,risk-on,5-2,normal,0.38,above 20d avg,100.94,100.8,contango,15.39,18.75,-3.36,below 20-obs avg,2.7,2.72,cyclicals leading,-1.1,0.3,-1.4,below 20d avg,0.2842,0.2851,subdued,144.67,144.95
2026-07-10T18:34:13.307Z,risk-on,5-2,normal,0.38,above 20d avg,100.96,100.8,contango,15.36,18.73,-3.37,below 20-obs avg,2.7,2.72,cyclicals leading,-1.1,0.2,-1.4,below 20d avg,0.2841,0.2851,subdued,144.67,144.95
2026-07-10T18:34:13.796Z,risk-on,5-2,normal,0.38,above 20d avg,100.96,100.8,contango,15.36,18.73,-3.37,below 20-obs avg,2.7,2.72,cyclicals leading,-1.1,0.2,-1.4,below 20d avg,0.2841,0.2851,subdued,144.67,144.95
2026-07-10T19:00:24.618Z,risk-on,5-2,normal,0.38,above 20d avg,100.96,100.8,contango,15.28,18.67,-3.39,below 20-obs avg,2.7,2.72,cyclicals leading,-1.1,0.2,-1.3,below 20d avg,0.284,0.2851,subdued,144.67,144.95
2026-07-10T19:00:25.290Z,risk-on,5-2,normal,0.38,above 20d avg,100.96,100.8,contango,15.28,18.67,-3.39,below 20-obs avg,2.7,2.72,cyclicals leading,-1.1,0.2,-1.3,below 20d avg,0.2841,0.2851,subdued,144.67,144.95
2026-07-10T19:06:49.877Z,risk-on,5-2,normal,0.38,above 20d avg,100.96,100.8,contango,15.28,18.69,-3.41,below 20-obs avg,2.7,2.72,cyclicals leading,-1,0.2,-1.2,below 20d avg,0.284,0.2851,subdued,144.67,144.95
2026-07-10T19:06:50.429Z,risk-on,5-2,normal,0.38,above 20d avg,100.96,100.8,contango,15.28,18.69,-3.41,below 20-obs avg,2.7,2.72,cyclicals leading,-1,0.2,-1.2,below 20d avg,0.284,0.2851,subdued,144.67,144.95
2026-07-10T19:30:27.528Z,risk-on,5-2,normal,0.38,above 20d avg,100.96,100.8,contango,15.23,18.67,-3.44,below 20-obs avg,2.7,2.72,cyclicals leading,-1,0.2,-1.2,below 20d avg,0.284,0.2851,subdued,144.67,144.95
2026-07-10T19:30:28.407Z,risk-on,5-2,normal,0.38,above 20d avg,100.96,100.8,contango,15.23,18.67,-3.44,below 20-obs avg,2.7,2.72,cyclicals leading,-1.1,0.2,-1.2,below 20d avg,0.284,0.2851,subdued,144.67,144.95
2026-07-10T19:49:15.858Z,risk-on,5-2,normal,0.35,above 20d avg,100.96,100.8,contango,15.22,18.67,-3.45,below 20-obs avg,2.7,2.72,cyclicals leading,-1.1,0.3,-1.3,below 20d avg,0.2841,0.2851,subdued,144.67,144.95
2026-07-10T19:49:16.692Z,risk-on,5-2,normal,0.35,above 20d avg,100.97,100.8,contango,15.22,18.67,-3.45,below 20-obs avg,2.7,2.72,cyclicals leading,-1.1,0.3,-1.3,below 20d avg,0.2841,0.2851,subdued,144.67,144.95
2026-07-10T20:15:23.883Z,risk-on,5-2,normal,0.35,above 20d avg,100.95,100.8,contango,15.02,18.58,-3.56,below 20-obs avg,2.7,2.72,cyclicals leading,-1,0.1,-1.2,below 20d avg,0.2839,0.285,subdued,144.67,144.95
2026-07-10T20:15:24.336Z,risk-on,5-2,normal,0.35,above 20d avg,100.95,100.8,contango,15.02,18.58,-3.56,below 20-obs avg,2.7,2.72,cyclicals leading,-1,0.1,-1.2,below 20d avg,0.2839,0.285,subdued,144.67,144.95
2026-07-10T20:34:14.103Z,risk-on,5-2,normal,0.35,above 20d avg,100.96,100.8,contango,15.03,18.57,-3.54,below 20-obs avg,2.7,2.72,cyclicals leading,-1,0.1,-1.2,below 20d avg,0.2839,0.285,subdued,144.67,144.95
2026-07-10T20:34:14.636Z,risk-on,5-2,normal,0.35,above 20d avg,100.96,100.8,contango,15.03,18.57,-3.54,below 20-obs avg,2.7,2.72,cyclicals leading,-1,0.1,-1.2,below 20d avg,0.2839,0.285,subdued,144.67,144.95
2026-07-10T20:42:38.613Z,risk-on,5-2,normal,0.35,above 20d avg,100.98,100.8,contango,15.03,18.57,-3.54,below 20-obs avg,2.7,2.72,cyclicals leading,-1,0.1,-1.2,below 20d avg,0.2839,0.285,subdued,144.67,144.95
2026-07-10T20:42:39.272Z,risk-on,5-2,normal,0.35,above 20d avg,100.98,100.8,contango,15.03,18.57,-3.54,below 20-obs avg,2.7,2.72,cyclicals leading,-1,0.1,-1.2,below 20d avg,0.2839,0.285,subdued,144.67,144.95
2026-07-10T21:04:14.103Z,risk-on,5-2,normal,0.35,above 20d avg,100.97,100.8,contango,15.03,18.57,-3.54,below 20-obs avg,2.7,2.72,cyclicals leading,-1,0.1,-1.2,below 20d avg,0.2839,0.285,subdued,144.67,144.95
2026-07-10T21:04:14.579Z,risk-on,5-2,normal,0.35,above 20d avg,100.97,100.8,contango,15.03,18.57,-3.54,below 20-obs avg,2.7,2.72,cyclicals leading,-1,0.1,-1.2,below 20d avg,0.2839,0.285,subdued,144.67,144.95
2026-07-10T21:30:26.874Z,risk-on,5-2,normal,0.35,above 20d avg,100.96,100.8,contango,15.03,18.57,-3.54,below 20-obs avg,2.7,2.72,cyclicals leading,-1,0.1,-1.2,below 20d avg,0.2839,0.285,subdued,144.27,145.01
2026-07-10T21:30:27.392Z,risk-on,5-2,normal,0.35,above 20d avg,100.96,100.8,contango,15.03,18.57,-3.54,below 20-obs avg,2.7,2.72,cyclicals leading,-1,0.1,-1.2,below 20d avg,0.2839,0.285,subdued,144.27,145.01
2026-07-10T21:43:56.912Z,risk-on,5-2,normal,0.35,above 20d avg,100.96,100.8,contango,15.03,18.57,-3.54,below 20-obs avg,2.7,2.72,cyclicals leading,-1,0.1,-1.2,below 20d avg,0.2839,0.285,subdued,144.27,145.01
2026-07-10T21:43:59.017Z,risk-on,5-2,normal,0.35,above 20d avg,100.96,100.8,contango,15.03,18.57,-3.54,below 20-obs avg,2.7,2.72,cyclicals leading,-1,0.1,-1.2,below 20d avg,0.2839,0.285,subdued,144.27,145.01
2026-07-13T12:56:00.095Z,risk-on,5-2,normal,0.35,above 20d avg,100.94,100.86,contango,16.47,18.57,-2.1,below 20-obs avg,2.7,2.72,cyclicals leading,-1,0.1,-1.2,below 20d avg,0.2839,0.285,subdued,144.27,145.01
2026-07-13T13:15:26.207Z,risk-on,5-2,normal,0.35,above 20d avg,100.9,100.85,contango,16.35,18.57,-2.22,below 20-obs avg,2.7,2.72,cyclicals leading,-1,0.1,-1.2,below 20d avg,0.2839,0.285,subdued,144.27,145.01
2026-07-13T13:15:26.735Z,risk-on,5-2,normal,0.35,above 20d avg,100.9,100.85,contango,16.35,18.57,-2.22,below 20-obs avg,2.7,2.72,cyclicals leading,-1,0.1,-1.2,below 20d avg,0.2839,0.285,subdued,144.27,145.01
2026-07-13T13:28:34.513Z,risk-on,5-2,normal,0.35,above 20d avg,100.93,100.86,contango,16.36,18.57,-2.21,below 20-obs avg,2.7,2.72,cyclicals leading,-1,0.1,-1.2,below 20d avg,0.2839,0.285,subdued,144.27,145.01
2026-07-13T13:28:34.883Z,risk-on,5-2,normal,0.35,above 20d avg,100.93,100.86,contango,16.36,18.57,-2.21,below 20-obs avg,2.7,2.72,cyclicals leading,-1,0.1,-1.2,below 20d avg,0.2839,0.285,subdued,144.27,145.01
2026-07-13T16:06:40.637Z,risk-on,5-2,normal,0.35,above 20d avg,101.12,100.87,contango,16.28,19.25,-2.97,below 20-obs avg,2.69,2.72,defensives leading,0.6,-0.6,1.2,above 20d avg,0.2857,0.2851,subdued,144.27,145.01
2026-07-13T16:06:41.389Z,risk-on,5-2,normal,0.35,above 20d avg,101.12,100.87,contango,16.28,19.25,-2.97,below 20-obs avg,2.69,2.72,defensives leading,0.6,-0.6,1.2,above 20d avg,0.2857,0.2851,subdued,144.27,145.01
2026-07-13T18:06:41.844Z,risk-on,5-2,normal,0.35,above 20d avg,101.25,100.87,contango,16.79,19.46,-2.67,below 20-obs avg,2.69,2.72,defensives leading,0.7,-0.7,1.3,above 20d avg,0.2858,0.2851,subdued,144.27,145.01
2026-07-13T18:06:42.677Z,risk-on,5-2,normal,0.35,above 20d avg,101.25,100.87,contango,16.79,19.46,-2.67,below 20-obs avg,2.69,2.72,defensives leading,0.7,-0.7,1.3,above 20d avg,0.2858,0.2851,subdued,144.27,145.01
2026-07-13T19:48:43.218Z,risk-on,5-2,normal,0.35,above 20d avg,101.29,100.87,contango,17.26,19.75,-2.49,below 20-obs avg,2.69,2.72,defensives leading,0.6,-0.8,1.3,above 20d avg,0.2857,0.2851,subdued,144.27,145.01
2026-07-13T19:48:44.130Z,risk-on,5-2,normal,0.35,above 20d avg,101.29,100.87,contango,17.26,19.75,-2.49,below 20-obs avg,2.69,2.72,defensives leading,0.6,-0.8,1.3,above 20d avg,0.2857,0.2851,subdued,144.27,145.01
2026-07-13T20:45:30.083Z,risk-on,5-2,normal,0.36,above 20d avg,101.31,100.88,contango,17.16,19.64,-2.48,below 20-obs avg,2.69,2.72,defensives leading,0.6,-0.7,1.3,above 20d avg,0.286,0.2851,subdued,144.27,145.01
2026-07-13T20:45:30.576Z,risk-on,5-2,normal,0.36,above 20d avg,101.31,100.88,contango,17.16,19.64,-2.48,below 20-obs avg,2.69,2.72,defensives leading,0.6,-0.7,1.3,above 20d avg,0.286,0.2851,subdued,144.27,145.01
2026-07-13T21:40:22.647Z,risk-on,4-3,normal,0.36,above 20d avg,101.27,100.87,contango,17.16,19.64,-2.48,below 20-obs avg,2.69,2.72,defensives leading,0.6,-0.7,1.3,above 20d avg,0.286,0.2851,elevated,145.69,145.15
2026-07-13T21:40:23.273Z,risk-on,4-3,normal,0.36,above 20d avg,101.27,100.87,contango,17.16,19.64,-2.48,below 20-obs avg,2.69,2.72,defensives leading,0.6,-0.7,1.3,above 20d avg,0.286,0.2851,elevated,145.69,145.15
2026-07-14T12:20:05.022Z,risk-on,4-3,normal,0.36,above 20d avg,101.06,100.94,contango,17.5,18.57,-1.07,below 20-obs avg,2.69,2.72,defensives leading,0.6,-0.7,1.3,above 20d avg,0.286,0.2851,elevated,145.69,145.15
2026-07-14T14:20:09.690Z,risk-on,5-2,normal,0.36,below 20d avg,100.66,100.92,contango,16.61,19.4,-2.79,below 20-obs avg,2.69,2.72,cyclicals leading,-0.7,-0.1,-0.6,below 20d avg,0.285,0.2851,elevated,145.69,145.15
2026-07-14T14:20:10.384Z,risk-on,5-2,normal,0.36,below 20d avg,100.66,100.92,contango,16.61,19.4,-2.79,below 20-obs avg,2.69,2.72,cyclicals leading,-0.7,-0.1,-0.6,below 20d avg,0.285,0.2851,elevated,145.69,145.15
2026-07-14T15:53:07.719Z,risk-on,5-2,normal,0.36,below 20d avg,100.85,100.93,contango,16.42,19.31,-2.89,below 20-obs avg,2.69,2.72,cyclicals leading,-1.3,-0.2,-1.1,below 20d avg,0.2843,0.2851,elevated,145.69,145.15
2026-07-14T15:53:08.341Z,risk-on,5-2,normal,0.36,below 20d avg,100.85,100.93,contango,16.42,19.31,-2.89,below 20-obs avg,2.69,2.72,cyclicals leading,-1.3,-0.2,-1.1,below 20d avg,0.2843,0.2851,elevated,145.69,145.15
2026-07-14T17:09:39.551Z,risk-on,5-2,normal,0.36,below 20d avg,100.85,100.93,contango,16.48,19.3,-2.82,below 20-obs avg,2.69,2.72,cyclicals leading,-1.5,-0.4,-1.1,below 20d avg,0.2838,0.2851,elevated,145.69,145.15
2026-07-14T17:09:40.495Z,risk-on,5-2,normal,0.36,below 20d avg,100.85,100.93,contango,16.48,19.3,-2.82,below 20-obs avg,2.69,2.72,cyclicals leading,-1.5,-0.4,-1.1,below 20d avg,0.2838,0.2851,elevated,145.69,145.15
2026-07-14T18:16:40.559Z,risk-on,5-2,normal,0.36,below 20d avg,100.92,100.93,contango,16.49,19.29,-2.8,below 20-obs avg,2.69,2.72,cyclicals leading,-1.5,-0.4,-1.1,below 20d avg,0.2837,0.285,elevated,145.69,145.15
2026-07-14T18:16:41.291Z,risk-on,5-2,normal,0.36,below 20d avg,100.92,100.93,contango,16.49,19.29,-2.8,below 20-obs avg,2.69,2.72,cyclicals leading,-1.5,-0.4,-1.1,below 20d avg,0.2837,0.285,elevated,145.69,145.15
2026-07-14T19:49:15.236Z,risk-on,5-2,normal,0.36,below 20d avg,100.92,100.93,contango,16.47,19.26,-2.79,below 20-obs avg,2.69,2.72,cyclicals leading,-1.6,-0.2,-1.4,below 20d avg,0.2837,0.285,elevated,145.69,145.15
2026-07-14T19:49:15.691Z,risk-on,5-2,normal,0.36,below 20d avg,100.92,100.93,contango,16.47,19.26,-2.79,below 20-obs avg,2.69,2.72,cyclicals leading,-1.6,-0.2,-1.4,below 20d avg,0.2837,0.285,elevated,145.69,145.15
2026-07-14T20:46:32.003Z,risk-on,4-3,normal,0.4,above 20d avg,100.94,100.93,contango,16.5,19.3,-2.8,below 20-obs avg,2.69,2.72,cyclicals leading,-1.7,-0.3,-1.4,below 20d avg,0.2839,0.2851,elevated,145.69,145.15
2026-07-14T20:46:32.707Z,risk-on,4-3,normal,0.4,above 20d avg,100.94,100.93,contango,16.5,19.3,-2.8,below 20-obs avg,2.69,2.72,cyclicals leading,-1.7,-0.3,-1.4,below 20d avg,0.2839,0.2851,elevated,145.69,145.15
2026-07-14T21:42:49.215Z,risk-on,6-1,normal,0.4,below 20d avg,100.92,100.93,contango,16.5,19.3,-2.8,below 20-obs avg,2.69,2.72,cyclicals leading,-1.7,-0.3,-1.4,below 20d avg,0.2839,0.2851,subdued,145.13,145.27
2026-07-14T21:42:49.594Z,risk-on,6-1,normal,0.4,below 20d avg,100.92,100.93,contango,16.5,19.3,-2.8,below 20-obs avg,2.69,2.72,cyclicals leading,-1.7,-0.3,-1.4,below 20d avg,0.2839,0.2851,subdued,145.13,145.27
2026-07-15T12:21:11.568Z,risk-on,4-3,normal,0.4,above 20d avg,101.02,100.94,contango,16.42,18.57,-2.15,below 20-obs avg,2.69,2.72,defensives leading,0.6,-1.1,1.7,above 20d avg,0.286,0.2851,elevated,145.69,145.15
2026-07-15T14:17:31.810Z,risk-on,4-3,normal,0.4,below 20d avg,100.8,100.93,contango,15.98,19.09,-3.11,above 20-obs avg,2.72,2.72,cyclicals leading,-1.4,1.2,-2.6,below 20d avg,0.2834,0.285,elevated,145.69,145.15
2026-07-15T14:17:32.341Z,risk-on,4-3,normal,0.4,below 20d avg,100.8,100.93,contango,15.98,19.09,-3.11,above 20-obs avg,2.72,2.72,cyclicals leading,-1.4,1.2,-2.6,below 20d avg,0.2834,0.285,elevated,145.69,145.15
2026-07-15T15:56:26.780Z,risk-on,5-2,normal,0.4,below 20d avg,100.72,100.99,contango,16.05,19.2,-3.15,above 20-obs avg,2.72,2.72,cyclicals leading,-0.6,0.8,-1.3,below 20d avg,0.2832,0.2851,subdued,145.13,145.27
2026-07-15T15:56:27.310Z,risk-on,5-2,normal,0.4,below 20d avg,100.72,100.99,contango,16.05,19.2,-3.15,above 20-obs avg,2.72,2.72,cyclicals leading,-0.6,0.8,-1.3,below 20d avg,0.2832,0.2851,subdued,145.13,145.27
2026-07-15T17:26:04.081Z,risk-on,5-2,normal,0.4,below 20d avg,100.6,100.98,contango,16.13,19.2,-3.07,above 20-obs avg,2.72,2.72,cyclicals leading,-0.6,1,-1.6,below 20d avg,0.2829,0.2851,subdued,145.13,145.27
2026-07-15T17:26:04.947Z,risk-on,5-2,normal,0.4,below 20d avg,100.6,100.98,contango,16.13,19.2,-3.07,above 20-obs avg,2.72,2.72,cyclicals leading,-0.6,1,-1.6,below 20d avg,0.2829,0.2851,subdued,145.13,145.27
2026-07-15T18:40:59.189Z,risk-on,5-2,normal,0.4,below 20d avg,100.37,100.97,contango,15.67,18.9,-3.23,above 20-obs avg,2.72,2.72,cyclicals leading,-0.8,1.1,-1.8,below 20d avg,0.2824,0.2851,subdued,145.13,145.27
2026-07-15T18:41:00.225Z,risk-on,5-2,normal,0.4,below 20d avg,100.37,100.97,contango,15.67,18.9,-3.23,above 20-obs avg,2.72,2.72,cyclicals leading,-0.8,1.1,-1.8,below 20d avg,0.2824,0.2851,subdued,145.13,145.27
2026-07-15T19:52:23.619Z,risk-on,5-2,normal,0.42,below 20d avg,100.52,100.98,contango,15.8,18.94,-3.14,above 20-obs avg,2.72,2.72,cyclicals leading,-1.3,1.1,-2.4,below 20d avg,0.2822,0.2851,subdued,145.13,145.27
2026-07-15T19:52:24.087Z,risk-on,5-2,normal,0.42,below 20d avg,100.52,100.98,contango,15.8,18.94,-3.14,above 20-obs avg,2.72,2.72,cyclicals leading,-1.3,1.1,-2.4,below 20d avg,0.2822,0.2851,subdued,145.13,145.27
2026-07-15T20:53:00.208Z,risk-on,5-2,normal,0.42,below 20d avg,100.52,100.98,contango,15.67,18.91,-3.24,above 20-obs avg,2.72,2.72,cyclicals leading,-1.1,1.2,-2.3,below 20d avg,0.2822,0.2851,subdued,145.13,145.27
2026-07-15T20:53:01.019Z,risk-on,5-2,normal,0.42,below 20d avg,100.52,100.98,contango,15.67,18.91,-3.24,above 20-obs avg,2.72,2.72,cyclicals leading,-1.1,1.2,-2.3,below 20d avg,0.2822,0.2851,subdued,145.13,145.27
2026-07-15T21:52:44.660Z,risk-on,4-3,normal,0.42,below 20d avg,100.5,100.98,contango,15.67,18.91,-3.24,above 20-obs avg,2.72,2.72,cyclicals leading,-1.1,1.2,-2.3,below 20d avg,0.2822,0.2851,elevated,148.51,145.48
2026-07-15T21:52:45.422Z,risk-on,4-3,normal,0.42,below 20d avg,100.5,100.98,contango,15.67,18.91,-3.24,above 20-obs avg,2.72,2.72,cyclicals leading,-1.1,1.2,-2.3,below 20d avg,0.2822,0.2851,elevated,148.51,145.48
2026-07-16T12:26:21.489Z,risk-on,4-3,normal,0.42,below 20d avg,100.56,101.03,contango,16.35,18.57,-2.22,above 20-obs avg,2.72,2.72,cyclicals leading,-1.1,1.2,-2.3,below 20d avg,0.2822,0.2851,elevated,148.51,145.48
2026-07-16T14:35:21.807Z,risk-on,5-2,normal,0.42,below 20d avg,100.64,101.03,contango,15.87,18.97,-3.1,below 20-obs avg,2.71,2.72,cyclicals leading,0.3,1.5,-1.3,below 20d avg,0.2842,0.2851,elevated,148.51,145.48
2026-07-16T14:35:22.797Z,risk-on,5-2,normal,0.42,below 20d avg,100.64,101.03,contango,15.87,18.97,-3.1,below 20-obs avg,2.71,2.72,cyclicals leading,0.3,1.5,-1.2,below 20d avg,0.2842,0.2851,elevated,148.51,145.48
2026-07-16T16:03:09.770Z,risk-on,5-2,normal,0.42,below 20d avg,100.68,101.03,contango,16.09,19.09,-3,below 20-obs avg,2.71,2.72,cyclicals leading,0.4,1.5,-1.1,below 20d avg,0.2848,0.2852,elevated,148.51,145.48
2026-07-16T16:03:10.330Z,risk-on,5-2,normal,0.42,below 20d avg,100.68,101.03,contango,16.09,19.09,-3,below 20-obs avg,2.71,2.72,cyclicals leading,0.4,1.5,-1.1,below 20d avg,0.2848,0.2852,elevated,148.51,145.48
2026-07-16T17:36:56.903Z,risk-on,5-2,normal,0.42,below 20d avg,100.81,101.04,contango,16.23,19.18,-2.95,below 20-obs avg,2.71,2.72,cyclicals leading,0.2,1.2,-1.1,below 20d avg,0.285,0.2852,elevated,148.51,145.48
2026-07-16T17:36:57.740Z,risk-on,5-2,normal,0.42,below 20d avg,100.81,101.04,contango,16.23,19.18,-2.95,below 20-obs avg,2.71,2.72,cyclicals leading,0.2,1.2,-1.1,below 20d avg,0.285,0.2852,elevated,148.51,145.48
2026-07-16T18:47:18.949Z,risk-on,6-1,normal,0.42,below 20d avg,100.78,101.04,contango,16.53,19.36,-2.83,below 20-obs avg,2.71,2.72,cyclicals leading,0.3,1.3,-1.1,above 20d avg,0.2859,0.2852,elevated,148.51,145.48
2026-07-16T18:47:19.492Z,risk-on,6-1,normal,0.42,below 20d avg,100.78,101.04,contango,16.53,19.36,-2.83,below 20-obs avg,2.71,2.72,cyclicals leading,0.3,1.3,-1.1,above 20d avg,0.2859,0.2852,elevated,148.51,145.48
2026-07-16T19:52:27.484Z,risk-on,6-1,normal,0.42,below 20d avg,100.77,101.04,contango,17.09,19.61,-2.52,below 20-obs avg,2.71,2.72,cyclicals leading,0.8,1.5,-0.8,above 20d avg,0.2867,0.2853,elevated,148.51,145.48
2026-07-16T19:52:28.068Z,risk-on,6-1,normal,0.42,below 20d avg,100.77,101.04,contango,17.09,19.61,-2.52,below 20-obs avg,2.71,2.72,cyclicals leading,0.8,1.5,-0.8,above 20d avg,0.2867,0.2853,elevated,148.51,145.48
2026-07-16T20:50:19.445Z,risk-on,6-1,normal,0.41,below 20d avg,100.72,101.04,contango,16.73,19.5,-2.77,below 20-obs avg,2.71,2.72,cyclicals leading,0.8,1.6,-0.8,above 20d avg,0.2865,0.2852,elevated,148.51,145.48
2026-07-16T20:50:20.275Z,risk-on,6-1,normal,0.41,below 20d avg,100.72,101.04,contango,16.73,19.5,-2.77,below 20-obs avg,2.71,2.72,cyclicals leading,0.8,1.6,-0.8,above 20d avg,0.2865,0.2852,elevated,148.51,145.48
2026-07-16T21:52:18.429Z,risk-on,6-1,normal,0.41,below 20d avg,100.73,101.04,contango,16.73,19.5,-2.77,below 20-obs avg,2.71,2.72,cyclicals leading,0.8,1.6,-0.8,above 20d avg,0.2865,0.2852,elevated,145.72,145.64
2026-07-16T21:52:18.860Z,risk-on,6-1,normal,0.41,below 20d avg,100.73,101.04,contango,16.73,19.5,-2.77,below 20-obs avg,2.71,2.72,cyclicals leading,0.8,1.6,-0.8,above 20d avg,0.2865,0.2852,elevated,145.72,145.64
2026-07-17T12:17:25.152Z,risk-on,6-1,normal,0.41,below 20d avg,100.79,101.07,contango,18.16,18.57,-0.41,below 20-obs avg,2.71,2.72,cyclicals leading,0.8,1.6,-0.8,above 20d avg,0.2865,0.2852,elevated,145.72,145.64
2026-07-17T14:08:45.507Z,risk-on,5-2,normal,0.41,below 20d avg,100.77,101.07,contango,18.56,20.55,-1.99,below 20-obs avg,2.71,2.72,defensives leading,1.3,0.1,1.1,above 20d avg,0.2885,0.2856,elevated,145.72,145.64
2026-07-17T14:08:46.433Z,risk-on,5-2,normal,0.41,below 20d avg,100.77,101.07,contango,18.56,20.55,-1.99,below 20-obs avg,2.71,2.72,defensives leading,1.3,0.1,1.1,above 20d avg,0.2885,0.2856,elevated,145.72,145.64
2026-07-17T15:38:12.819Z,risk-on,5-2,normal,0.41,below 20d avg,100.72,101.07,contango,18.28,20.37,-2.09,below 20-obs avg,2.71,2.72,defensives leading,0.9,-0.5,1.4,above 20d avg,0.2872,0.2855,elevated,145.72,145.64
2026-07-17T15:38:13.291Z,risk-on,5-2,normal,0.41,below 20d avg,100.72,101.07,contango,18.28,20.37,-2.09,below 20-obs avg,2.71,2.72,defensives leading,0.9,-0.5,1.4,above 20d avg,0.2872,0.2855,elevated,145.72,145.64
2026-07-17T16:46:14.725Z,risk-on,5-2,normal,0.41,below 20d avg,100.74,101.07,contango,18.21,20.35,-2.14,below 20-obs avg,2.71,2.72,defensives leading,0.4,-0.6,1,above 20d avg,0.2864,0.2855,elevated,145.72,145.64
2026-07-17T16:46:15.353Z,risk-on,5-2,normal,0.41,below 20d avg,100.74,101.07,contango,18.21,20.35,-2.14,below 20-obs avg,2.71,2.72,defensives leading,0.4,-0.6,1,above 20d avg,0.2864,0.2855,elevated,145.72,145.64
2026-07-17T17:52:53.162Z,risk-on,5-2,normal,0.41,below 20d avg,100.78,101.07,contango,17.92,20.11,-2.19,below 20-obs avg,2.71,2.72,defensives leading,0,-0.9,0.9,above 20d avg,0.2867,0.2855,elevated,145.72,145.64
2026-07-17T17:52:53.937Z,risk-on,5-2,normal,0.41,below 20d avg,100.78,101.07,contango,17.92,20.11,-2.19,below 20-obs avg,2.71,2.72,defensives leading,0,-0.9,0.9,above 20d avg,0.2867,0.2855,elevated,145.72,145.64
2026-07-17T18:59:08.101Z,risk-on,5-2,normal,0.41,below 20d avg,100.77,101.07,contango,18.81,20.55,-1.74,below 20-obs avg,2.71,2.72,defensives leading,0.3,-0.8,1.1,above 20d avg,0.2868,0.2855,elevated,145.72,145.64
2026-07-17T18:59:08.567Z,risk-on,5-2,normal,0.41,below 20d avg,100.77,101.07,contango,18.81,20.55,-1.74,below 20-obs avg,2.71,2.72,defensives leading,0.3,-0.8,1.1,above 20d avg,0.2868,0.2855,elevated,145.72,145.64
2026-07-17T20:12:20.074Z,risk-on,5-2,normal,0.37,below 20d avg,100.72,101.07,contango,18.32,20.35,-2.03,below 20-obs avg,2.71,2.72,defensives leading,0.2,-0.8,1,above 20d avg,0.2871,0.2855,elevated,145.72,145.64
2026-07-17T20:12:20.692Z,risk-on,5-2,normal,0.37,below 20d avg,100.72,101.07,contango,18.32,20.35,-2.03,below 20-obs avg,2.71,2.72,defensives leading,0.2,-0.8,1,above 20d avg,0.2871,0.2855,elevated,145.72,145.64
2026-07-17T21:09:42.704Z,risk-on,5-2,normal,0.37,below 20d avg,100.76,101.07,contango,18.77,20.54,-1.77,below 20-obs avg,2.71,2.72,defensives leading,0.2,-0.8,1,above 20d avg,0.2871,0.2855,elevated,145.72,145.64
2026-07-17T21:09:43.230Z,risk-on,5-2,normal,0.37,below 20d avg,100.76,101.07,contango,18.77,20.54,-1.77,below 20-obs avg,2.71,2.72,defensives leading,0.2,-0.8,1,above 20d avg,0.2871,0.2855,elevated,145.72,145.64
2026-07-20T13:11:58.485Z,risk-on,5-2,normal,0.37,below 20d avg,100.87,101.07,contango,18.21,20.54,-2.33,below 20-obs avg,2.71,2.72,defensives leading,0.2,-0.8,1,above 20d avg,0.2871,0.2855,elevated,147.28,145.87
2026-07-20T15:22:01.103Z,risk-on,5-2,normal,0.37,below 20d avg,101,101.08,contango,18.42,20.21,-1.79,above 20-obs avg,2.73,2.73,cyclicals leading,-0.6,-0.4,-0.1,above 20d avg,0.2859,0.2857,elevated,147.28,145.87
2026-07-20T15:22:01.885Z,risk-on,5-2,normal,0.37,below 20d avg,101,101.08,contango,18.42,20.21,-1.79,above 20-obs avg,2.73,2.73,cyclicals leading,-0.6,-0.4,-0.2,above 20d avg,0.2859,0.2857,elevated,147.28,145.87
2026-07-20T16:52:18.282Z,risk-on,5-2,normal,0.37,below 20d avg,100.99,101.08,contango,17.67,19.79,-2.12,above 20-obs avg,2.73,2.73,cyclicals leading,-0.6,-0.4,-0.2,above 20d avg,0.286,0.2857,elevated,147.28,145.87
2026-07-20T16:52:18.895Z,risk-on,5-2,normal,0.37,below 20d avg,100.99,101.08,contango,17.67,19.79,-2.12,above 20-obs avg,2.73,2.73,cyclicals leading,-0.6,-0.4,-0.2,above 20d avg,0.286,0.2857,elevated,147.28,145.87
2026-07-20T18:49:30.893Z,risk-on,5-2,normal,0.37,below 20d avg,100.94,101.07,contango,18.06,20.04,-1.98,above 20-obs avg,2.73,2.73,cyclicals leading,-1,-0.9,-0.1,above 20d avg,0.2862,0.2857,elevated,147.28,145.87
2026-07-20T18:49:31.343Z,risk-on,5-2,normal,0.37,below 20d avg,100.95,101.07,contango,18.06,20.04,-1.98,above 20-obs avg,2.73,2.73,cyclicals leading,-1,-0.9,-0.1,above 20d avg,0.2862,0.2857,elevated,147.28,145.87
2026-07-20T20:14:48.246Z,risk-on,5-2,normal,0.39,below 20d avg,100.95,101.07,contango,18.53,20.33,-1.8,above 20-obs avg,2.73,2.73,cyclicals leading,-1.3,-0.9,-0.4,above 20d avg,0.2861,0.2857,elevated,147.28,145.87
2026-07-20T20:14:48.996Z,risk-on,5-2,normal,0.39,below 20d avg,100.95,101.07,contango,18.56,20.33,-1.77,above 20-obs avg,2.73,2.73,cyclicals leading,-1.3,-0.9,-0.4,above 20d avg,0.2861,0.2857,elevated,147.28,145.87
2026-07-20T21:37:02.690Z,risk-on,5-2,normal,0.39,below 20d avg,100.99,101.08,contango,18.65,20.4,-1.75,above 20-obs avg,2.73,2.73,cyclicals leading,-1.3,-0.9,-0.4,above 20d avg,0.2862,0.2857,elevated,146.05,145.84
2026-07-20T21:37:03.416Z,risk-on,5-2,normal,0.39,below 20d avg,100.99,101.08,contango,18.65,20.4,-1.75,above 20-obs avg,2.73,2.73,cyclicals leading,-1.3,-0.9,-0.4,above 20d avg,0.2862,0.2857,elevated,146.05,145.84
2026-07-21T12:42:02.578Z,risk-on,5-2,normal,0.39,below 20d avg,101.02,101.08,contango,17.84,20.54,-2.7,above 20-obs avg,2.73,2.73,cyclicals leading,-1.3,-0.9,-0.4,above 20d avg,0.2862,0.2857,elevated,146.05,145.84
2026-07-21T14:48:40.233Z,risk-off,4-3,normal,0.39,above 20d avg,101.13,101.08,contango,17.39,19.69,-2.3,below 20-obs avg,2.69,2.73,defensives leading,0.7,-0.7,1.4,below 20d avg,0.2847,0.2859,elevated,146.05,145.84
2026-07-21T14:48:40.635Z,risk-off,4-3,normal,0.39,above 20d avg,101.13,101.08,contango,17.39,19.69,-2.3,below 20-obs avg,2.69,2.73,defensives leading,0.7,-0.7,1.4,below 20d avg,0.2847,0.2859,elevated,146.05,145.84
2026-07-21T16:10:22.985Z,risk-off,4-3,normal,0.39,above 20d avg,101.13,101.08,contango,17.21,19.59,-2.38,below 20-obs avg,2.69,2.73,defensives leading,0.7,-0.7,1.4,below 20d avg,0.2844,0.2859,elevated,146.05,145.84
2026-07-21T16:10:24.031Z,risk-off,4-3,normal,0.39,above 20d avg,101.13,101.08,contango,17.21,19.59,-2.38,below 20-obs avg,2.69,2.73,defensives leading,0.7,-0.7,1.4,below 20d avg,0.2844,0.2859,elevated,146.05,145.84
2026-07-21T17:45:44.213Z,risk-off,4-3,normal,0.39,above 20d avg,101.11,101.08,contango,17.07,19.58,-2.51,below 20-obs avg,2.69,2.73,defensives leading,0.8,-0.6,1.4,below 20d avg,0.2844,0.2859,elevated,146.05,145.84
2026-07-21T17:45:44.835Z,risk-off,4-3,normal,0.39,above 20d avg,101.11,101.08,contango,17.07,19.58,-2.51,below 20-obs avg,2.69,2.73,defensives leading,0.8,-0.6,1.4,below 20d avg,0.2844,0.2859,elevated,146.05,145.84
2026-07-21T18:58:56.353Z,risk-off,4-3,normal,0.39,above 20d avg,101.19,101.08,contango,17.08,19.58,-2.5,below 20-obs avg,2.69,2.73,defensives leading,0.9,-0.8,1.7,below 20d avg,0.2843,0.2859,elevated,146.05,145.84
2026-07-21T18:58:57.232Z,risk-off,4-3,normal,0.39,above 20d avg,101.19,101.08,contango,17.08,19.58,-2.5,below 20-obs avg,2.69,2.73,defensives leading,0.9,-0.8,1.7,below 20d avg,0.2843,0.2859,elevated,146.05,145.84
2026-07-21T20:22:39.124Z,risk-off,4-3,normal,0.37,above 20d avg,101.18,101.08,contango,17.02,19.58,-2.56,below 20-obs avg,2.69,2.73,defensives leading,0.8,-0.9,1.7,below 20d avg,0.2843,0.2859,elevated,146.05,145.84
2026-07-21T20:22:40.206Z,risk-off,4-3,normal,0.37,above 20d avg,101.18,101.08,contango,17.02,19.58,-2.56,below 20-obs avg,2.69,2.73,defensives leading,0.8,-0.9,1.7,below 20d avg,0.2843,0.2859,elevated,146.05,145.84
2026-07-21T21:38:29.817Z,risk-off,4-3,normal,0.37,above 20d avg,101.2,101.08,contango,17.05,19.59,-2.54,below 20-obs avg,2.69,2.73,defensives leading,0.8,-0.9,1.7,below 20d avg,0.2843,0.2859,elevated,151.66,146.33
2026-07-21T21:38:30.235Z,risk-off,4-3,normal,0.37,above 20d avg,101.2,101.08,contango,17.05,19.59,-2.54,below 20-obs avg,2.69,2.73,defensives leading,0.8,-0.9,1.7,below 20d avg,0.2843,0.2859,elevated,151.66,146.33
2026-07-22T12:44:06.742Z,risk-off,4-3,normal,0.37,above 20d avg,101.1,101.07,contango,17.67,20.54,-2.87,below 20-obs avg,2.69,2.73,defensives leading,0.8,-0.9,1.7,below 20d avg,0.2843,0.2859,elevated,151.66,146.33
2026-07-22T14:49:46.343Z,risk-off,4-3,normal,0.37,above 20d avg,101.11,101.07,contango,17.18,19.75,-2.57,below 20-obs avg,2.69,2.73,defensives leading,1.1,-0.7,1.8,below 20d avg,0.285,0.2859,elevated,151.66,146.33
2026-07-22T14:49:47.161Z,risk-off,4-3,normal,0.37,above 20d avg,101.1,101.07,contango,17.18,19.75,-2.57,below 20-obs avg,2.69,2.73,defensives leading,1.1,-0.7,1.8,below 20d avg,0.285,0.2859,elevated,151.66,146.33
2026-07-22T16:10:28.655Z,risk-off,4-3,normal,0.37,above 20d avg,101.09,101.07,contango,16.84,19.6,-2.76,below 20-obs avg,2.69,2.73,defensives leading,1.2,-0.3,1.4,below 20d avg,0.2844,0.2859,elevated,151.66,146.33
2026-07-22T16:10:29.303Z,risk-off,4-3,normal,0.37,above 20d avg,101.09,101.07,contango,16.84,19.6,-2.76,below 20-obs avg,2.69,2.73,defensives leading,1.2,-0.3,1.4,below 20d avg,0.2844,0.2859,elevated,151.66,146.33
2026-07-22T17:41:35.177Z,risk-off,4-3,normal,0.37,above 20d avg,101.13,101.07,contango,16.82,19.61,-2.79,below 20-obs avg,2.69,2.73,defensives leading,1.1,-0.4,1.5,below 20d avg,0.2844,0.2859,elevated,151.66,146.33
2026-07-22T17:41:36.075Z,risk-off,4-3,normal,0.37,above 20d avg,101.13,101.07,contango,16.82,19.61,-2.79,below 20-obs avg,2.69,2.73,defensives leading,1.1,-0.4,1.5,below 20d avg,0.2844,0.2859,elevated,151.66,146.33
2026-07-22T18:48:07.611Z,risk-off,4-3,normal,0.37,above 20d avg,101.13,101.07,contango,17.01,19.74,-2.73,below 20-obs avg,2.69,2.73,defensives leading,1.1,-0.5,1.6,below 20d avg,0.2844,0.2859,elevated,151.66,146.33
2026-07-22T18:48:08.381Z,risk-off,4-3,normal,0.37,above 20d avg,101.13,101.07,contango,17.01,19.74,-2.73,below 20-obs avg,2.69,2.73,defensives leading,1.1,-0.5,1.7,below 20d avg,0.2844,0.2859,elevated,151.66,146.33
2026-07-22T20:03:20.721Z,risk-off,4-3,normal,0.36,above 20d avg,101.13,101.07,contango,16.86,19.64,-2.78,below 20-obs avg,2.69,2.73,defensives leading,1.1,-0.7,1.8,below 20d avg,0.2845,0.2859,elevated,151.66,146.33
2026-07-22T20:03:22.169Z,risk-off,4-3,normal,0.36,above 20d avg,101.13,101.07,contango,16.86,19.64,-2.78,below 20-obs avg,2.69,2.73,defensives leading,1.1,-0.7,1.8,below 20d avg,0.2845,0.2859,elevated,151.66,146.33
2026-07-22T21:19:12.294Z,risk-off,4-3,normal,0.36,above 20d avg,101.13,101.07,contango,16.64,19.54,-2.9,below 20-obs avg,2.69,2.73,defensives leading,1.1,-0.7,1.8,below 20d avg,0.2846,0.2859,elevated,150.19,146.68
2026-07-22T21:19:13.137Z,risk-off,4-3,normal,0.36,above 20d avg,101.13,101.07,contango,16.64,19.54,-2.9,below 20-obs avg,2.69,2.73,defensives leading,1.1,-0.7,1.8,below 20d avg,0.2846,0.2859,elevated,150.19,146.68
2026-07-23T12:45:32.100Z,risk-off,4-3,normal,0.36,above 20d avg,101.36,101.06,contango,18.55,20.54,-1.99,below 20-obs avg,2.69,2.73,defensives leading,1.1,-0.7,1.8,below 20d avg,0.2846,0.2859,elevated,150.19,146.68
2026-07-23T14:56:13.502Z,risk-on,4-3,normal,0.36,above 20d avg,101.5,101.06,contango,18.85,20.8,-1.95,below 20-obs avg,2.68,2.72,defensives leading,-0.2,-0.6,0.4,above 20d avg,0.2878,0.2859,elevated,150.19,146.68
2026-07-23T14:56:14.258Z,risk-on,4-3,normal,0.36,above 20d avg,101.5,101.06,contango,18.85,20.8,-1.95,below 20-obs avg,2.68,2.72,defensives leading,-0.2,-0.6,0.4,above 20d avg,0.2879,0.2859,elevated,150.19,146.68
2026-07-23T16:41:20.407Z,risk-on,4-3,normal,0.36,above 20d avg,101.42,101.06,contango,19.01,20.79,-1.78,below 20-obs avg,2.68,2.72,defensives leading,-0.6,-0.9,0.3,above 20d avg,0.2867,0.2859,elevated,150.19,146.68
2026-07-23T16:41:21.047Z,risk-on,4-3,normal,0.36,above 20d avg,101.42,101.06,contango,19.01,20.79,-1.78,below 20-obs avg,2.68,2.72,defensives leading,-0.6,-0.9,0.3,above 20d avg,0.2867,0.2859,elevated,150.19,146.68
2026-07-23T18:01:34.059Z,risk-on,4-3,normal,0.36,above 20d avg,101.45,101.06,contango,19.39,21.01,-1.62,below 20-obs avg,2.68,2.72,defensives leading,-0.6,-1.3,0.7,above 20d avg,0.2868,0.2859,elevated,150.19,146.68
2026-07-23T18:01:35.512Z,risk-on,4-3,normal,0.36,above 20d avg,101.45,101.06,contango,19.39,21.01,-1.62,below 20-obs avg,2.68,2.72,defensives leading,-0.6,-1.3,0.7,above 20d avg,0.2868,0.2859,elevated,150.19,146.68
2026-07-23T19:40:23.511Z,risk-on,4-3,normal,0.36,above 20d avg,101.43,101.06,contango,19.15,20.88,-1.73,below 20-obs avg,2.68,2.72,defensives leading,-0.4,-1.2,0.8,above 20d avg,0.2873,0.2859,elevated,150.19,146.68
2026-07-23T19:40:24.362Z,risk-on,4-3,normal,0.36,above 20d avg,101.43,101.06,contango,19.15,20.88,-1.73,below 20-obs avg,2.68,2.72,defensives leading,-0.4,-1.2,0.8,above 20d avg,0.2873,0.2859,elevated,150.19,146.68
2026-07-23T20:43:00.318Z,risk-on,4-3,normal,0.34,above 20d avg,101.43,101.06,contango,18.7,20.6,-1.9,below 20-obs avg,2.68,2.72,defensives leading,-0.2,-1.2,0.9,above 20d avg,0.2871,0.2859,elevated,150.19,146.68
2026-07-23T20:43:00.991Z,risk-on,4-3,normal,0.34,above 20d avg,101.43,101.06,contango,18.7,20.6,-1.9,below 20-obs avg,2.68,2.72,defensives leading,-0.2,-1.2,0.9,above 20d avg,0.2871,0.2859,elevated,150.19,146.68
2026-07-23T21:46:12.715Z,risk-on,5-2,normal,0.34,above 20d avg,101.44,101.06,contango,18.7,20.6,-1.9,below 20-obs avg,2.68,2.72,defensives leading,-0.2,-1.2,0.9,above 20d avg,0.2871,0.2859,subdued,145.95,146.71
2026-07-23T21:46:13.111Z,risk-on,5-2,normal,0.34,above 20d avg,101.44,101.06,contango,18.7,20.6,-1.9,below 20-obs avg,2.68,2.72,defensives leading,-0.2,-1.2,0.9,above 20d avg,0.2871,0.2859,subdued,145.95,146.71
2026-07-24T12:24:35.644Z,risk-on,5-2,normal,0.34,above 20d avg,101.42,101.06,contango,18.64,20.54,-1.9,below 20-obs avg,2.68,2.72,defensives leading,-0.2,-1.2,0.9,above 20d avg,0.2871,0.2859,subdued,145.95,146.71
2026-07-24T14:22:39.640Z,risk-on,4-3,normal,0.34,above 20d avg,101.46,101.06,contango,18.77,20.62,-1.85,above 20-obs avg,2.77,2.72,defensives leading,1.1,0.2,0.9,above 20d avg,0.2883,0.2859,subdued,145.95,146.71
2026-07-24T14:22:40.080Z,risk-on,4-3,normal,0.34,above 20d avg,101.46,101.06,contango,18.77,20.62,-1.85,above 20-obs avg,2.77,2.72,defensives leading,1.1,0.2,0.9,above 20d avg,0.2883,0.2859,subdued,145.95,146.71
2026-07-24T15:52:37.078Z,risk-on,4-3,normal,0.34,above 20d avg,101.33,101.06,contango,17.63,20.01,-2.38,above 20-obs avg,2.77,2.72,defensives leading,1.1,1,0.1,above 20d avg,0.2882,0.2859,subdued,145.95,146.71
2026-07-24T15:52:37.832Z,risk-on,4-3,normal,0.34,above 20d avg,101.33,101.06,contango,17.63,20.01,-2.38,above 20-obs avg,2.77,2.72,defensives leading,1.1,1,0.1,above 20d avg,0.2882,0.2859,subdued,145.95,146.71
2026-07-24T17:23:45.789Z,risk-on,5-2,normal,0.34,above 20d avg,101.45,101.06,contango,18.2,20.31,-2.11,above 20-obs avg,2.77,2.72,cyclicals leading,1,1,-0.1,above 20d avg,0.2882,0.2859,subdued,145.95,146.71
2026-07-24T17:23:46.641Z,risk-on,5-2,normal,0.34,above 20d avg,101.46,101.06,contango,18.2,20.31,-2.11,above 20-obs avg,2.77,2.72,cyclicals leading,1,1,-0.1,above 20d avg,0.2882,0.2859,subdued,145.95,146.71
2026-07-24T19:02:22.139Z,risk-on,4-3,normal,0.34,above 20d avg,101.47,101.06,contango,18.68,20.55,-1.87,above 20-obs avg,2.77,2.72,defensives leading,0.9,0.7,0.2,above 20d avg,0.2891,0.2859,subdued,145.95,146.71
2026-07-24T19:02:22.489Z,risk-on,4-3,normal,0.34,above 20d avg,101.47,101.06,contango,18.68,20.55,-1.87,above 20-obs avg,2.77,2.72,defensives leading,0.9,0.7,0.2,above 20d avg,0.2891,0.2859,subdued,145.95,146.71
2026-07-24T20:38:06.566Z,risk-on,4-3,normal,0.36,above 20d avg,101.48,101.06,contango,18.58,20.51,-1.93,above 20-obs avg,2.77,2.72,defensives leading,0.9,0.7,0.3,above 20d avg,0.289,0.2859,subdued,145.95,146.71
2026-07-24T20:38:07.035Z,risk-on,4-3,normal,0.36,above 20d avg,101.48,101.06,contango,18.58,20.51,-1.93,above 20-obs avg,2.77,2.72,defensives leading,0.9,0.7,0.3,above 20d avg,0.289,0.2859,subdued,145.95,146.71
2026-07-24T21:45:18.048Z,risk-off,4-3,normal,0.36,above 20d avg,101.46,101.06,contango,18.58,20.51,-1.93,above 20-obs avg,2.77,2.72,defensives leading,0.9,0.7,0.3,above 20d avg,0.289,0.2859,elevated,147.28,147.08
2026-07-24T21:45:18.450Z,risk-off,4-3,normal,0.36,above 20d avg,101.46,101.06,contango,18.58,20.51,-1.93,above 20-obs avg,2.77,2.72,defensives leading,0.9,0.7,0.3,above 20d avg,0.289,0.2859,elevated,147.28,147.08
2026-07-27T13:42:49.529Z,risk-on,4-3,normal,0.36,above 20d avg,101.42,101.06,contango,17.76,20.54,-2.78,above 20-obs avg,2.77,2.72,defensives leading,1.5,1.4,0.1,above 20d avg,0.2898,0.286,subdued,145.95,146.71
2026-07-27T16:04:08.712Z,risk-off,4-3,normal,0.36,above 20d avg,101.45,101.07,contango,19.53,20.7,-1.17,above 20-obs avg,2.79,2.72,defensives leading,2,1.3,0.8,above 20d avg,0.2908,0.286,elevated,147.28,147.08
2026-07-27T16:04:09.188Z,risk-off,4-3,normal,0.36,above 20d avg,101.45,101.07,contango,19.53,20.7,-1.17,above 20-obs avg,2.79,2.72,defensives leading,2,1.3,0.8,above 20d avg,0.2908,0.286,elevated,147.28,147.08
2026-07-27T17:55:06.298Z,risk-on,4-3,normal,0.36,above 20d avg,101.52,101.07,contango,19.46,20.66,-1.2,above 20-obs avg,2.79,2.72,defensives leading,0.9,0.7,0.2,above 20d avg,0.2913,0.286,subdued,145.95,146.71
2026-07-27T17:55:06.769Z,risk-on,4-3,normal,0.36,above 20d avg,101.52,101.07,contango,19.46,20.66,-1.2,above 20-obs avg,2.79,2.72,defensives leading,0.9,0.7,0.2,above 20d avg,0.2913,0.286,subdued,145.95,146.71
2026-07-27T19:47:17.172Z,risk-on,4-3,normal,0.34,above 20d avg,101.5,101.07,contango,18.78,20.22,-1.44,above 20-obs avg,2.79,2.72,defensives leading,1.2,1,0.2,above 20d avg,0.2913,0.286,subdued,145.95,146.71
2026-07-27T19:47:17.757Z,risk-on,4-3,normal,0.34,above 20d avg,101.5,101.07,contango,18.8,20.22,-1.42,above 20-obs avg,2.79,2.72,defensives leading,1.2,1,0.2,above 20d avg,0.2913,0.286,subdued,145.95,146.71
2026-07-27T20:57:03.341Z,risk-off,4-3,normal,0.34,above 20d avg,101.54,101.07,contango,18.67,20.2,-1.53,above 20-obs avg,2.79,2.72,defensives leading,1.6,0.9,0.7,above 20d avg,0.2911,0.2861,elevated,147.28,147.08
2026-07-27T20:57:03.787Z,risk-off,4-3,normal,0.34,above 20d avg,101.54,101.07,contango,18.67,20.2,-1.53,above 20-obs avg,2.79,2.72,defensives leading,1.6,0.9,0.7,above 20d avg,0.2911,0.2861,elevated,147.28,147.08
2026-07-28T12:58:27.947Z,risk-on,4-3,normal,0.34,above 20d avg,101.54,101.07,contango,18.66,20.54,-1.88,above 20-obs avg,2.79,2.72,defensives leading,1.6,0.7,0.9,above 20d avg,0.2911,0.2861,subdued,146.6,147.05
2026-07-28T15:27:53.369Z,risk-on,4-3,normal,0.34,above 20d avg,101.35,101.07,contango,18.37,20.02,-1.65,above 20-obs avg,2.81,2.72,defensives leading,3.7,0.6,3.1,above 20d avg,0.2939,0.2864,subdued,146.6,147.05
2026-07-28T15:27:53.851Z,risk-on,4-3,normal,0.34,above 20d avg,101.35,101.07,contango,18.37,20.02,-1.65,above 20-obs avg,2.81,2.72,defensives leading,3.7,0.6,3.1,above 20d avg,0.2939,0.2864,subdued,146.6,147.05
2026-07-28T17:02:47.288Z,risk-on,4-3,normal,0.34,above 20d avg,101.32,101.06,contango,18.04,19.82,-1.78,above 20-obs avg,2.81,2.72,defensives leading,3.7,1,2.6,above 20d avg,0.2933,0.2863,subdued,146.6,147.44
2026-07-28T17:02:47.730Z,risk-on,4-3,normal,0.34,above 20d avg,101.32,101.06,contango,18.04,19.82,-1.78,above 20-obs avg,2.81,2.72,defensives leading,3.7,1,2.6,above 20d avg,0.2933,0.2863,subdued,146.6,147.44
2026-07-28T18:38:51.969Z,risk-on,4-3,normal,0.34,above 20d avg,101.41,101.07,contango,18.42,19.99,-1.57,above 20-obs avg,2.81,2.72,defensives leading,3.8,0.8,3,above 20d avg,0.2935,0.2863,subdued,146.6,147.44
2026-07-28T18:38:53.024Z,risk-on,4-3,normal,0.34,above 20d avg,101.41,101.07,contango,18.42,19.99,-1.57,above 20-obs avg,2.81,2.72,defensives leading,3.8,0.8,3,above 20d avg,0.2935,0.2863,subdued,146.6,147.44
2026-07-28T20:06:24.715Z,risk-on,4-3,normal,0.35,above 20d avg,101.39,101.07,contango,18.26,19.87,-1.61,above 20-obs avg,2.81,2.72,defensives leading,3.6,0.7,2.8,above 20d avg,0.2938,0.2864,subdued,146.6,147.44
2026-07-28T20:06:25.784Z,risk-on,4-3,normal,0.35,above 20d avg,101.39,101.07,contango,18.26,19.87,-1.61,above 20-obs avg,2.81,2.72,defensives leading,3.6,0.4,3.2,above 20d avg,0.2938,0.2864,subdued,146.6,147.44
2026-07-28T21:31:18.539Z,risk-on,4-3,normal,0.35,above 20d avg,101.38,101.06,contango,18.21,19.86,-1.65,above 20-obs avg,2.81,2.72,defensives leading,3.6,0.7,2.8,above 20d avg,0.2938,0.2864,subdued,142.98,147.37
2026-07-28T21:31:19.206Z,risk-on,4-3,normal,0.35,above 20d avg,101.38,101.06,contango,18.21,19.86,-1.65,above 20-obs avg,2.81,2.72,defensives leading,3.6,0.7,2.8,above 20d avg,0.2938,0.2864,subdued,142.98,147.37
2026-07-29T13:05:33.175Z,risk-on,4-3,normal,0.35,above 20d avg,101.46,101.07,contango,18.65,20.54,-1.89,above 20-obs avg,2.81,2.72,defensives leading,1.6,0.7,0.9,above 20d avg,0.2911,0.2861,subdued,146.6,147.05
2026-07-29T15:18:42.089Z,risk-on,4-3,normal,0.35,above 20d avg,101.44,101.08,contango,19.7,20.74,-1.04,above 20-obs avg,2.84,2.73,defensives leading,3.6,-0.1,3.7,above 20d avg,0.2948,0.2869,subdued,142.98,147.37
2026-07-29T15:18:42.724Z,risk-on,4-3,normal,0.35,above 20d avg,101.44,101.08,contango,19.7,20.74,-1.04,above 20-obs avg,2.84,2.73,defensives leading,3.6,-0.1,3.7,above 20d avg,0.2948,0.2869,subdued,142.98,147.37
2026-07-29T16:42:21.717Z,risk-on,4-3,normal,0.35,above 20d avg,101.47,101.07,contango,19.91,20.83,-0.92,above 20-obs avg,2.84,2.73,defensives leading,3.3,-0.2,3.5,above 20d avg,0.295,0.2864,subdued,146.6,147.05
2026-07-29T16:42:22.082Z,risk-on,4-3,normal,0.35,above 20d avg,101.47,101.07,contango,19.91,20.83,-0.92,above 20-obs avg,2.84,2.73,defensives leading,3.3,-0.2,3.5,above 20d avg,0.295,0.2864,subdued,146.6,147.05
2026-07-29T17:57:51.636Z,risk-on,4-3,normal,0.35,above 20d avg,101.36,101.08,contango,19.54,20.59,-1.05,above 20-obs avg,2.84,2.73,defensives leading,3.7,0.1,3.6,above 20d avg,0.2947,0.2869,subdued,142.98,147.37
2026-07-29T17:57:52.157Z,risk-on,4-3,normal,0.35,above 20d avg,101.36,101.08,contango,19.54,20.59,-1.05,above 20-obs avg,2.84,2.73,defensives leading,3.7,0.1,3.6,above 20d avg,0.2947,0.2869,subdued,142.98,147.37
2026-07-29T19:36:29.988Z,risk-on,5-2,normal,0.35,below 20d avg,100.89,101.07,contango,18.85,20.3,-1.45,above 20-obs avg,2.84,2.73,defensives leading,3.3,-0.3,3.6,above 20d avg,0.2947,0.2869,subdued,142.98,147.37
2026-07-29T19:36:30.336Z,risk-on,5-2,normal,0.35,below 20d avg,100.89,101.07,contango,18.85,20.3,-1.45,above 20-obs avg,2.84,2.73,defensives leading,3.3,-0.3,3.6,above 20d avg,0.2947,0.2869,subdued,142.98,147.37
2026-07-29T20:35:52.166Z,risk-on,5-2,normal,0.45,below 20d avg,100.93,101.07,contango,20.66,21.5,-0.84,above 20-obs avg,2.84,2.73,defensives leading,3.5,-0.3,3.9,above 20d avg,0.2957,0.2869,subdued,142.98,147.37
2026-07-29T20:35:53.081Z,risk-on,5-2,normal,0.45,below 20d avg,100.93,101.07,contango,20.66,21.5,-0.84,above 20-obs avg,2.84,2.73,defensives leading,3.5,-0.3,3.9,above 20d avg,0.2957,0.2869,subdued,142.98,147.37
2026-07-29T21:36:23.458Z,risk-on,5-2,normal,0.45,below 20d avg,100.84,101.07,contango,20.66,21.5,-0.84,above 20-obs avg,2.84,2.73,defensives leading,3.5,-0.3,3.9,above 20d avg,0.2957,0.2869,subdued,139.55,146.86
2026-07-29T21:36:23.900Z,risk-on,5-2,normal,0.45,below 20d avg,100.84,101.07,contango,20.66,21.5,-0.84,above 20-obs avg,2.84,2.73,defensives leading,3.5,-0.3,3.9,above 20d avg,0.2957,0.2869,subdued,139.55,146.86
2026-07-30T12:50:26.040Z,risk-on,5-2,normal,0.45,below 20d avg,100.63,101.03,contango,19.09,20.54,-1.45,above 20-obs avg,2.84,2.73,defensives leading,3.5,-0.3,3.9,above 20d avg,0.2957,0.2869,subdued,139.55,146.86
2026-07-30T14:59:04.156Z,risk-on,5-2,normal,0.45,below 20d avg,100.14,101,contango,18.39,20.19,-1.8,above 20-obs avg,2.87,2.73,defensives leading,0.5,0.4,0.1,above 20d avg,0.2898,0.2871,subdued,139.55,146.86
2026-07-30T14:59:04.658Z,risk-on,5-2,normal,0.45,below 20d avg,100.14,101,contango,18.39,20.19,-1.8,above 20-obs avg,2.87,2.73,defensives leading,0.5,0.4,0.1,above 20d avg,0.2898,0.2871,subdued,139.55,146.86
2026-07-30T16:42:48.387Z,risk-on,5-2,normal,0.45,below 20d avg,99.95,100.99,contango,18.23,20.08,-1.85,above 20-obs avg,2.87,2.73,defensives leading,1.2,0.6,0.6,above 20d avg,0.2903,0.2871,subdued,139.55,146.86
2026-07-30T16:42:48.936Z,risk-on,5-2,normal,0.45,below 20d avg,99.95,100.99,contango,18.23,20.08,-1.85,above 20-obs avg,2.87,2.73,defensives leading,1.2,0.6,0.6,above 20d avg,0.2903,0.2871,subdued,139.55,146.86
2026-07-30T18:04:04.842Z,risk-on,5-2,normal,0.45,below 20d avg,99.92,100.99,contango,17.93,19.93,-2,above 20-obs avg,2.87,2.73,defensives leading,1.2,0.7,0.5,above 20d avg,0.2903,0.2871,subdued,139.55,146.86
2026-07-30T18:04:05.899Z,risk-on,5-2,normal,0.45,below 20d avg,99.92,100.99,contango,17.93,19.93,-2,above 20-obs avg,2.87,2.73,defensives leading,1.2,0.7,0.5,above 20d avg,0.2903,0.2871,subdued,139.55,146.86
2026-07-30T19:50:53.176Z,risk-on,5-2,normal,0.45,below 20d avg,99.94,100.99,contango,17.46,19.71,-2.25,above 20-obs avg,2.87,2.73,defensives leading,1.2,0.7,0.5,above 20d avg,0.29,0.2871,subdued,139.55,146.86
2026-07-30T19:50:53.631Z,risk-on,5-2,normal,0.45,below 20d avg,99.94,100.99,contango,17.46,19.71,-2.25,above 20-obs avg,2.87,2.73,defensives leading,1.2,0.7,0.5,above 20d avg,0.29,0.2871,subdued,139.55,146.86
2026-07-30T20:54:04.158Z,risk-on,5-2,normal,0.45,below 20d avg,99.98,100.99,contango,17.09,19.5,-2.41,above 20-obs avg,2.87,2.73,defensives leading,1.3,1,0.3,above 20d avg,0.2904,0.2871,subdued,139.55,146.86
2026-07-30T20:54:04.635Z,risk-on,5-2,normal,0.45,below 20d avg,99.98,100.99,contango,17.09,19.5,-2.41,above 20-obs avg,2.87,2.73,defensives leading,1.3,1,0.3,above 20d avg,0.2904,0.2871,subdued,139.55,146.86
2026-07-31T13:02:41.018Z,risk-on,5-2,normal,0.45,below 20d avg,100.36,100.97,contango,17.25,20.54,-3.29,above 20-obs avg,2.87,2.73,defensives leading,1.3,1,0.3,above 20d avg,0.2904,0.2871,subdued,139.9,146.12
2026-07-31T15:27:25.968Z,risk-on,5-1,normal,0.45,below 20d avg,100.11,100.96,contango,17.7,19.83,-2.13,unknown,,,defensives leading,-0.2,-1.3,1.1,above 20d avg,0.2893,0.2872,subdued,139.9,146.12
2026-07-31T15:27:50.232Z,risk-on,5-1,normal,0.45,below 20d avg,100.12,100.96,contango,17.74,19.86,-2.12,unknown,,,defensives leading,-0.2,-1.3,1.1,above 20d avg,0.2893,0.2872,subdued,139.9,146.12
2026-07-31T17:08:02.547Z,risk-on,5-1,normal,0.45,below 20d avg,100.06,100.96,contango,16.9,19.35,-2.45,unknown,,,defensives leading,0,-0.8,0.8,above 20d avg,0.2889,0.2871,subdued,139.9,146.12
2026-07-31T17:08:27.142Z,risk-on,5-1,normal,0.45,below 20d avg,100.05,100.96,contango,16.9,19.35,-2.45,unknown,,,defensives leading,0,-0.8,0.7,above 20d avg,0.2889,0.2871,subdued,139.9,146.12
2026-07-31T18:44:40.114Z,risk-on,5-1,normal,0.45,below 20d avg,99.93,100.95,contango,16.6,19.28,-2.68,unknown,,,defensives leading,0.2,-0.4,0.6,above 20d avg,0.2888,0.2871,subdued,139.9,146.12
2026-07-31T18:45:04.403Z,risk-on,5-1,normal,0.45,below 20d avg,99.93,100.95,contango,16.59,19.28,-2.69,unknown,,,defensives leading,0.2,-0.4,0.6,above 20d avg,0.2888,0.2871,subdued,139.9,146.12
2026-07-31T20:12:59.900Z,risk-on,5-2,normal,0.47,below 20d avg,99.94,100.95,contango,15.89,18.95,-3.06,above 20-obs avg,2.84,2.74,defensives leading,0,-0.2,0.2,above 20d avg,0.2878,0.2871,subdued,139.9,146.12
2026-07-31T20:13:00.377Z,risk-on,5-2,normal,0.47,below 20d avg,99.94,100.95,contango,15.89,18.95,-3.06,above 20-obs avg,2.84,2.74,defensives leading,0,-0.2,0.2,above 20d avg,0.2878,0.2871,subdued,139.9,146.12
2026-07-31T21:32:49.309Z,risk-on,5-2,normal,0.47,below 20d avg,99.8,100.94,contango,15.99,19.02,-3.03,above 20-obs avg,2.84,2.74,defensives leading,0,-0.2,0.2,above 20d avg,0.2878,0.2871,subdued,141.23,145.68
2026-07-31T21:32:49.726Z,risk-on,5-2,normal,0.47,below 20d avg,99.8,100.94,contango,15.99,19.02,-3.03,above 20-obs avg,2.84,2.74,defensives leading,0,-0.2,0.2,above 20d avg,0.2878,0.2871,subdued,141.23,145.68
2026-08-03T13:46:01.663Z,risk-on,6-1,normal,0.47,below 20d avg,99.75,100.89,contango,16.02,20.54,-4.52,above 20-obs avg,2.84,2.74,cyclicals leading,-0.2,0,-0.3,above 20d avg,0.2879,0.2872,subdued,141.23,145.68
2026-08-03T16:11:53.673Z,risk-on,5-2,normal,0.47,below 20d avg,99.93,100.9,contango,15.67,18.82,-3.15,above 20-obs avg,2.84,2.74,cyclicals leading,-1,0.8,-1.8,below 20d avg,0.2863,0.2871,subdued,141.23,145.68
2026-08-03T16:11:54.090Z,risk-on,5-2,normal,0.47,below 20d avg,99.93,100.9,contango,15.67,18.82,-3.15,above 20-obs avg,2.84,2.74,cyclicals leading,-1,0.8,-1.8,below 20d avg,0.2863,0.2871,subdued,141.23,145.68
2026-08-03T18:07:36.606Z,risk-on,5-2,normal,0.47,below 20d avg,100.01,100.9,contango,15.8,18.98,-3.18,above 20-obs avg,2.84,2.74,cyclicals leading,-0.8,0.6,-1.4,below 20d avg,0.2858,0.2871,subdued,141.23,145.68
2026-08-03T18:07:37.033Z,risk-on,5-2,normal,0.47,below 20d avg,100.01,100.9,contango,15.8,18.98,-3.18,above 20-obs avg,2.84,2.74,cyclicals leading,-0.8,0.6,-1.4,below 20d avg,0.2858,0.2871,subdued,141.23,145.68
2026-08-03T19:56:32.091Z,risk-on,5-2,normal,0.45,below 20d avg,99.92,100.9,contango,15.77,18.92,-3.15,above 20-obs avg,2.84,2.74,cyclicals leading,-0.6,0.8,-1.4,below 20d avg,0.2867,0.2871,subdued,141.23,145.68
2026-08-03T19:56:32.780Z,risk-on,5-2,normal,0.45,below 20d avg,99.92,100.9,contango,15.77,18.92,-3.15,above 20-obs avg,2.84,2.74,cyclicals leading,-0.6,0.8,-1.4,below 20d avg,0.2867,0.2871,subdued,141.23,145.68
2026-08-03T21:14:14.819Z,risk-on,5-2,normal,0.45,below 20d avg,99.95,100.9,contango,15.86,18.93,-3.07,above 20-obs avg,2.84,2.74,cyclicals leading,-0.7,0.8,-1.5,below 20d avg,0.2865,0.2871,subdued,141.23,145.68
2026-08-03T21:14:15.500Z,risk-on,5-2,normal,0.45,below 20d avg,99.95,100.9,contango,15.86,18.93,-3.07,above 20-obs avg,2.84,2.74,cyclicals leading,-0.7,0.8,-1.5,below 20d avg,0.2865,0.2871,subdued,141.23,145.68
2026-08-04T13:06:40.469Z,risk-on,5-2,normal,0.45,below 20d avg,99.94,100.84,contango,15.59,20.54,-4.95,above 20-obs avg,2.84,2.74,cyclicals leading,-0.7,0.8,-1.5,below 20d avg,0.2865,0.2871,subdued,139.96,145.41
2026-08-04T15:34:24.032Z,risk-on,5-2,normal,0.45,below 20d avg,99.96,100.84,contango,16.25,19.04,-2.79,above 20-obs avg,2.85,2.74,cyclicals leading,-3.3,1.2,-4.5,below 20d avg,0.285,0.287,subdued,139.96,145.41
2026-08-04T15:34:24.651Z,risk-on,5-2,normal,0.45,below 20d avg,99.96,100.84,contango,16.25,19.04,-2.79,above 20-obs avg,2.85,2.74,cyclicals leading,-3.3,1.2,-4.5,below 20d avg,0.285,0.287,subdued,139.96,145.41
2026-08-04T17:20:02.417Z,risk-on,5-2,normal,0.45,below 20d avg,99.93,100.84,contango,16.33,19.04,-2.71,above 20-obs avg,2.85,2.74,cyclicals leading,-3,1.8,-4.8,below 20d avg,0.285,0.287,subdued,139.96,145.41
2026-08-04T17:20:02.937Z,risk-on,5-2,normal,0.45,below 20d avg,99.93,100.84,contango,16.33,19.04,-2.71,above 20-obs avg,2.85,2.74,cyclicals leading,-3,1.8,-4.8,below 20d avg,0.285,0.287,subdued,139.96,145.41
2026-08-04T19:00:21.275Z,risk-on,5-2,normal,0.45,below 20d avg,99.9,100.84,contango,16.37,19.19,-2.82,above 20-obs avg,2.85,2.74,cyclicals leading,-3,2,-5,below 20d avg,0.285,0.287,subdued,139.96,145.41
2026-08-04T19:00:22.131Z,risk-on,5-2,normal,0.45,below 20d avg,99.9,100.84,contango,16.37,19.19,-2.82,above 20-obs avg,2.85,2.74,cyclicals leading,-3,2,-5,below 20d avg,0.285,0.287,subdued,139.96,145.41
2026-08-04T20:39:03.162Z,risk-on,5-2,normal,0.43,below 20d avg,99.86,100.83,contango,16.5,19.34,-2.84,above 20-obs avg,2.78,2.75,cyclicals leading,-3.1,1.9,-5,below 20d avg,0.2855,0.287,subdued,139.96,145.41
2026-08-04T20:39:03.729Z,risk-on,5-2,normal,0.43,below 20d avg,99.86,100.83,contango,16.5,19.34,-2.84,above 20-obs avg,2.78,2.75,cyclicals leading,-3.1,1.9,-5,below 20d avg,0.2855,0.287,subdued,139.96,145.41
2026-08-04T21:55:58.569Z,risk-on,5-2,normal,0.43,below 20d avg,99.89,100.84,contango,16.5,19.34,-2.84,above 20-obs avg,2.78,2.75,cyclicals leading,-3.1,1.9,-5,below 20d avg,0.2855,0.287,subdued,126.41,144.44
2026-08-04T21:55:58.998Z,risk-on,5-2,normal,0.43,below 20d avg,99.89,100.84,contango,16.5,19.34,-2.84,above 20-obs avg,2.78,2.75,cyclicals leading,-3.1,1.9,-5,below 20d avg,0.2855,0.287,subdued,126.41,144.44
2026-08-05T12:59:46.760Z,risk-on,5-2,normal,0.43,below 20d avg,99.72,100.77,contango,16.84,20.54,-3.7,above 20-obs avg,2.78,2.75,cyclicals leading,-3.1,1.9,-5,below 20d avg,0.2855,0.287,subdued,126.41,144.44
2026-08-05T15:22:52.981Z,risk-on,5-2,normal,0.43,below 20d avg,99.68,100.77,contango,16.34,19.16,-2.82,above 20-obs avg,2.78,2.75,cyclicals leading,-2.8,2,-4.8,below 20d avg,0.2841,0.287,subdued,126.41,144.44
2026-08-05T15:22:53.365Z,risk-on,5-2,normal,0.43,below 20d avg,99.68,100.77,contango,16.34,19.16,-2.82,above 20-obs avg,2.78,2.75,cyclicals leading,-2.8,2,-4.8,below 20d avg,0.2841,0.287,subdued,126.41,144.44
2026-08-05T16:59:24.798Z,risk-on,6-1,normal,0.43,below 20d avg,99.75,100.77,contango,16.01,18.97,-2.96,below 20-obs avg,2.73,2.75,cyclicals leading,-2.5,2.1,-4.6,below 20d avg,0.2849,0.287,subdued,126.41,144.44
2026-08-05T16:59:25.453Z,risk-on,6-1,normal,0.43,below 20d avg,99.75,100.77,contango,16.01,18.97,-2.96,below 20-obs avg,2.73,2.75,cyclicals leading,-2.5,2.1,-4.6,below 20d avg,0.285,0.287,subdued,126.41,144.44
2026-08-05T18:41:40.142Z,risk-on,6-1,normal,0.43,below 20d avg,99.65,100.77,contango,15.65,18.86,-3.21,below 20-obs avg,2.73,2.75,cyclicals leading,-2.4,2.2,-4.6,below 20d avg,0.2851,0.287,subdued,126.41,144.44
2026-08-05T18:41:40.811Z,risk-on,6-1,normal,0.43,below 20d avg,99.65,100.77,contango,15.65,18.86,-3.21,below 20-obs avg,2.73,2.75,cyclicals leading,-2.4,2.2,-4.6,below 20d avg,0.2851,0.287,subdued,126.41,144.44
2026-08-05T20:15:25.411Z,risk-on,6-1,normal,0.45,below 20d avg,99.69,100.77,contango,15.73,18.91,-3.18,below 20-obs avg,2.73,2.75,cyclicals leading,-2.3,2,-4.4,below 20d avg,0.2854,0.2871,subdued,126.41,144.44
2026-08-05T20:15:26.403Z,risk-on,6-1,normal,0.45,below 20d avg,99.69,100.77,contango,15.73,18.91,-3.18,below 20-obs avg,2.73,2.75,cyclicals leading,-2.3,2,-4.4,below 20d avg,0.2854,0.2871,subdued,126.41,144.44
2026-08-05T21:38:27.721Z,risk-on,6-1,normal,0.45,below 20d avg,99.69,100.77,contango,15.81,18.95,-3.14,below 20-obs avg,2.73,2.75,cyclicals leading,-2.3,2,-4.4,below 20d avg,0.2854,0.2871,subdued,133.32,143.62
2026-08-05T21:38:28.195Z,risk-on,6-1,normal,0.45,below 20d avg,99.69,100.77,contango,15.81,18.95,-3.14,below 20-obs avg,2.73,2.75,cyclicals leading,-2.3,2,-4.4,below 20d avg,0.2854,0.2871,subdued,133.32,143.62
2026-08-06T13:01:03.593Z,risk-on,6-1,normal,0.45,below 20d avg,99.79,100.71,contango,15.95,20.54,-4.59,below 20-obs avg,2.73,2.75,cyclicals leading,-2.3,2,-4.4,below 20d avg,0.2854,0.2871,subdued,133.32,143.62
2026-08-06T15:23:36.236Z,risk-on,6-1,normal,0.45,below 20d avg,99.9,100.72,contango,15.35,18.71,-3.36,below 20-obs avg,2.75,2.75,cyclicals leading,-0.4,2.6,-3,below 20d avg,0.2845,0.2871,subdued,133.32,143.62
2026-08-06T15:23:36.941Z,risk-on,6-1,normal,0.45,below 20d avg,99.9,100.72,contango,15.35,18.71,-3.36,below 20-obs avg,2.75,2.75,cyclicals leading,-0.4,2.6,-3,below 20d avg,0.2845,0.2871,subdued,133.32,143.62
2026-08-07T11:51:28.692Z,risk-on,6-1,normal,0.44,below 20d avg,99.89,100.67,contango,15.23,20.54,-5.31,below 20-obs avg,2.75,2.75,cyclicals leading,-0.4,2.5,-2.9,below 20d avg,0.2844,0.2871,subdued,134.73,143.12
2026-08-07T12:40:04.883Z,risk-on,6-1,normal,0.44,below 20d avg,99.9,100.67,contango,15.14,20.54,-5.4,below 20-obs avg,2.75,2.75,cyclicals leading,-0.4,2.5,-2.9,below 20d avg,0.2844,0.2871,subdued,134.73,143.12
2026-08-07T12:40:05.544Z,risk-on,6-1,normal,0.44,below 20d avg,99.9,100.67,contango,15.14,20.54,-5.4,below 20-obs avg,2.75,2.75,cyclicals leading,-0.4,2.5,-2.9,below 20d avg,0.2844,0.2871,subdued,134.73,143.12
2026-08-07T13:59:21.078Z,risk-on,6-1,normal,0.44,below 20d avg,99.54,100.65,contango,15.06,18.74,-3.68,below 20-obs avg,2.75,2.75,cyclicals leading,-0.3,2.5,-2.9,below 20d avg,0.2844,0.2871,subdued,134.73,143.12
2026-08-07T13:59:21.787Z,risk-on,6-1,normal,0.44,below 20d avg,99.54,100.65,contango,15.06,18.74,-3.68,below 20-obs avg,2.75,2.75,cyclicals leading,-0.3,2.5,-2.9,below 20d avg,0.2843,0.2871,subdued,134.73,143.12
2026-08-07T15:03:14.659Z,risk-on,6-1,normal,0.44,below 20d avg,99.65,100.65,contango,14.96,18.73,-3.77,below 20-obs avg,2.75,2.75,cyclicals leading,-0.2,3,-3.1,below 20d avg,0.2846,0.2871,subdued,134.73,143.12
2026-08-07T15:03:15.091Z,risk-on,6-1,normal,0.44,below 20d avg,99.65,100.65,contango,14.96,18.73,-3.77,below 20-obs avg,2.75,2.75,cyclicals leading,-0.2,3,-3.1,below 20d avg,0.2846,0.2871,subdued,134.73,143.12
2026-08-07T16:05:59.130Z,risk-on,6-1,normal,0.44,below 20d avg,99.56,100.65,contango,14.92,18.7,-3.78,below 20-obs avg,2.71,2.75,cyclicals leading,-0.1,3,-3.1,below 20d avg,0.2845,0.2871,subdued,134.73,143.12
2026-08-07T16:05:59.640Z,risk-on,6-1,normal,0.44,below 20d avg,99.56,100.65,contango,14.92,18.7,-3.78,below 20-obs avg,2.71,2.75,cyclicals leading,-0.1,3,-3.1,below 20d avg,0.2845,0.2871,subdued,134.73,143.12
2026-08-07T17:06:26.543Z,risk-on,6-1,normal,0.44,below 20d avg,99.55,100.65,contango,14.95,18.68,-3.73,below 20-obs avg,2.71,2.75,cyclicals leading,0,3,-3,below 20d avg,0.2851,0.2871,subdued,134.73,143.12
2026-08-07T17:06:27.127Z,risk-on,6-1,normal,0.44,below 20d avg,99.55,100.65,contango,14.95,18.68,-3.73,below 20-obs avg,2.71,2.75,cyclicals leading,0,3,-3,below 20d avg,0.2851,0.2871,subdued,134.73,143.12
2026-08-07T18:01:05.588Z,risk-on,6-1,normal,0.44,below 20d avg,99.54,100.65,contango,14.92,18.68,-3.76,below 20-obs avg,2.71,2.75,cyclicals leading,0.1,3,-2.9,below 20d avg,0.2853,0.2871,subdued,134.73,143.12
2026-08-07T18:01:06.129Z,risk-on,6-1,normal,0.44,below 20d avg,99.54,100.65,contango,14.92,18.68,-3.76,below 20-obs avg,2.71,2.75,cyclicals leading,0.1,3,-2.9,below 20d avg,0.2853,0.2871,subdued,134.73,143.12
2026-08-07T19:09:45.455Z,risk-on,6-1,normal,0.44,below 20d avg,99.54,100.65,contango,14.87,18.67,-3.8,below 20-obs avg,2.71,2.75,cyclicals leading,0,2.9,-2.9,below 20d avg,0.2849,0.2871,subdued,134.73,143.12
2026-08-07T19:09:46.128Z,risk-on,6-1,normal,0.44,below 20d avg,99.54,100.65,contango,14.87,18.67,-3.8,below 20-obs avg,2.71,2.75,cyclicals leading,0,2.9,-2.9,below 20d avg,0.2849,0.2871,subdued,134.73,143.12
2026-08-07T19:59:07.526Z,risk-on,6-1,normal,0.46,below 20d avg,99.52,100.65,contango,14.87,18.68,-3.81,below 20-obs avg,2.71,2.75,cyclicals leading,0.1,2.9,-2.8,below 20d avg,0.2845,0.2871,subdued,134.73,143.12
2026-08-07T19:59:07.920Z,risk-on,6-1,normal,0.46,below 20d avg,99.52,100.65,contango,14.87,18.68,-3.81,below 20-obs avg,2.71,2.75,cyclicals leading,0.1,2.9,-2.8,below 20d avg,0.2845,0.2871,subdued,134.73,143.12
2026-08-07T20:51:56.873Z,risk-on,6-1,normal,0.46,below 20d avg,99.61,100.65,contango,14.9,18.72,-3.82,below 20-obs avg,2.71,2.75,cyclicals leading,0.1,2.9,-2.8,below 20d avg,0.2846,0.2871,subdued,134.73,143.12
2026-08-07T20:51:57.626Z,risk-on,6-1,normal,0.46,below 20d avg,99.61,100.65,contango,14.9,18.72,-3.82,below 20-obs avg,2.71,2.75,cyclicals leading,0.1,2.9,-2.8,below 20d avg,0.2846,0.2871,subdued,134.73,143.12
2026-08-07T21:30:10.152Z,risk-on,6-1,normal,0.46,below 20d avg,99.6,100.65,contango,14.9,18.72,-3.82,below 20-obs avg,2.71,2.75,cyclicals leading,0.1,2.9,-2.8,below 20d avg,0.2846,0.2871,subdued,132.57,142.54
2026-08-07T21:30:10.622Z,risk-on,6-1,normal,0.46,below 20d avg,99.6,100.65,contango,14.9,18.72,-3.82,below 20-obs avg,2.71,2.75,cyclicals leading,0.1,2.9,-2.8,below 20d avg,0.2846,0.2871,subdued,132.57,142.54
2026-08-10T11:54:47.580Z,risk-on,6-1,normal,0.46,below 20d avg,99.72,100.57,contango,15.45,20.54,-5.09,below 20-obs avg,2.71,2.75,cyclicals leading,0.1,2.9,-2.8,below 20d avg,0.2846,0.2871,subdued,132.57,142.54
2026-08-10T13:35:11.424Z,risk-on,6-1,normal,0.46,below 20d avg,99.75,100.57,contango,15.41,20.54,-5.13,below 20-obs avg,2.71,2.75,cyclicals leading,-0.2,0.7,-0.9,below 20d avg,0.2845,0.287,subdued,132.57,142.54
2026-08-10T13:35:11.930Z,risk-on,6-1,normal,0.46,below 20d avg,99.75,100.57,contango,15.41,20.54,-5.13,below 20-obs avg,2.71,2.75,cyclicals leading,-0.2,0.7,-0.9,below 20d avg,0.2845,0.287,subdued,132.57,142.54
2026-08-10T14:43:02.485Z,risk-on,6-1,normal,0.46,below 20d avg,99.72,100.57,contango,15.24,18.84,-3.6,below 20-obs avg,2.71,2.75,cyclicals leading,-0.2,1,-1.2,below 20d avg,0.2839,0.287,subdued,132.57,142.54
2026-08-10T14:43:02.985Z,risk-on,6-1,normal,0.46,below 20d avg,99.72,100.57,contango,15.24,18.84,-3.6,below 20-obs avg,2.71,2.75,cyclicals leading,-0.2,0.9,-1.2,below 20d avg,0.2839,0.287,subdued,132.57,142.54
2026-08-10T15:41:37.960Z,risk-on,6-1,normal,0.46,below 20d avg,99.72,100.57,contango,15.25,18.84,-3.59,below 20-obs avg,2.7,2.75,cyclicals leading,0,1.1,-1.1,below 20d avg,0.2845,0.287,subdued,132.57,142.54
2026-08-10T15:41:39.474Z,risk-on,6-1,normal,0.46,below 20d avg,99.72,100.57,contango,15.25,18.84,-3.59,below 20-obs avg,2.7,2.75,cyclicals leading,0,1.1,-1.1,below 20d avg,0.2845,0.287,subdued,132.57,142.54
2026-08-10T16:34:07.646Z,risk-on,6-1,normal,0.46,below 20d avg,99.72,100.57,contango,15.14,18.8,-3.66,below 20-obs avg,2.7,2.75,cyclicals leading,0,1.1,-1.1,below 20d avg,0.2849,0.2871,subdued,132.57,142.54
2026-08-10T16:34:08.037Z,risk-on,6-1,normal,0.46,below 20d avg,99.72,100.57,contango,15.14,18.8,-3.66,below 20-obs avg,2.7,2.75,cyclicals leading,0,1.1,-1.1,below 20d avg,0.2848,0.2871,subdued,132.57,142.54
2026-08-10T17:35:31.952Z,risk-on,6-1,normal,0.46,below 20d avg,99.8,100.58,contango,15.26,18.85,-3.59,below 20-obs avg,2.7,2.75,cyclicals leading,0,0.9,-0.9,below 20d avg,0.2849,0.2871,subdued,132.57,142.54
2026-08-10T17:35:32.359Z,risk-on,6-1,normal,0.46,below 20d avg,99.8,100.58,contango,15.26,18.85,-3.59,below 20-obs avg,2.7,2.75,cyclicals leading,0,0.9,-0.9,below 20d avg,0.2849,0.2871,subdued,132.57,142.54
2026-08-10T18:33:05.319Z,risk-on,6-1,normal,0.46,below 20d avg,99.81,100.58,contango,15.37,18.91,-3.54,below 20-obs avg,2.7,2.75,cyclicals leading,0,0.9,-0.9,below 20d avg,0.285,0.2871,subdued,132.57,142.54
2026-08-10T18:33:05.700Z,risk-on,6-1,normal,0.46,below 20d avg,99.81,100.58,contango,15.37,18.91,-3.54,below 20-obs avg,2.7,2.75,cyclicals leading,0,0.9,-0.9,below 20d avg,0.285,0.2871,subdued,132.57,142.54
2026-08-10T19:37:27.991Z,risk-on,6-1,normal,0.46,below 20d avg,99.81,100.58,contango,15.36,18.89,-3.53,below 20-obs avg,2.7,2.75,cyclicals leading,-0.2,0.9,-1.1,below 20d avg,0.2849,0.2871,subdued,132.57,142.54
2026-08-10T19:37:28.505Z,risk-on,6-1,normal,0.46,below 20d avg,99.81,100.58,contango,15.36,18.89,-3.53,below 20-obs avg,2.7,2.75,cyclicals leading,-0.2,0.9,-1.1,below 20d avg,0.2849,0.2871,subdued,132.57,142.54
2026-08-10T20:21:51.445Z,risk-on,6-1,normal,0.47,below 20d avg,99.81,100.58,contango,15.46,18.98,-3.52,below 20-obs avg,2.7,2.75,cyclicals leading,0.1,1,-0.9,below 20d avg,0.2849,0.2871,subdued,132.57,142.54
2026-08-10T20:21:52.276Z,risk-on,6-1,normal,0.47,below 20d avg,99.81,100.58,contango,15.46,18.98,-3.52,below 20-obs avg,2.7,2.75,cyclicals leading,0.1,1,-0.9,below 20d avg,0.2849,0.2871,subdued,132.57,142.54
2026-08-10T21:09:30.969Z,risk-on,6-1,normal,0.47,below 20d avg,99.82,100.58,contango,15.46,18.98,-3.52,below 20-obs avg,2.7,2.75,cyclicals leading,0.1,1,-0.9,below 20d avg,0.2849,0.2871,subdued,132.57,142.54
2026-08-10T21:09:31.800Z,risk-on,6-1,normal,0.47,below 20d avg,99.82,100.58,contango,15.46,18.98,-3.52,below 20-obs avg,2.7,2.75,cyclicals leading,0.1,1,-0.9,below 20d avg,0.2849,0.2871,subdued,132.57,142.54
2026-08-10T21:57:45.641Z,risk-on,6-1,normal,0.47,below 20d avg,99.81,100.58,contango,15.46,18.98,-3.52,below 20-obs avg,2.7,2.75,cyclicals leading,0.1,1,-0.9,below 20d avg,0.2849,0.2871,subdued,137.13,142.11
2026-08-10T21:57:46.326Z,risk-on,6-1,normal,0.47,below 20d avg,99.81,100.58,contango,15.46,18.98,-3.52,below 20-obs avg,2.7,2.75,cyclicals leading,0.1,1,-0.9,below 20d avg,0.2849,0.2871,subdued,137.13,142.11
2026-08-11T11:51:20.930Z,risk-on,6-1,normal,0.47,below 20d avg,99.83,100.52,contango,15.49,20.54,-5.05,below 20-obs avg,2.7,2.75,cyclicals leading,0.1,1,-0.9,below 20d avg,0.2849,0.2871,subdued,137.13,142.11
2026-08-11T12:41:38.712Z,risk-on,6-1,normal,0.47,below 20d avg,99.84,100.52,contango,15.55,20.54,-4.99,below 20-obs avg,2.7,2.75,cyclicals leading,0.1,1,-0.9,below 20d avg,0.2849,0.2871,subdued,137.13,142.11
2026-08-11T12:41:39.229Z,risk-on,6-1,normal,0.47,below 20d avg,99.84,100.52,contango,15.55,20.54,-4.99,below 20-obs avg,2.7,2.75,cyclicals leading,0.1,1,-0.9,below 20d avg,0.2849,0.2871,subdued,137.13,142.11
2026-08-11T14:06:49.211Z,risk-on,5-1,unknown,,below 20d avg,99.79,100.52,contango,15.57,19.06,-3.49,below 20-obs avg,2.7,2.75,cyclicals leading,-0.9,0.1,-1.1,below 20d avg,0.2856,0.2871,subdued,137.13,142.11
2026-08-11T14:07:01.586Z,risk-on,6-1,normal,0.47,below 20d avg,99.79,100.52,contango,15.59,19.07,-3.48,below 20-obs avg,2.7,2.75,cyclicals leading,-0.9,0.1,-1.1,below 20d avg,0.2856,0.2871,subdued,137.13,142.11
2026-08-11T15:15:35.185Z,risk-on,6-1,normal,0.47,below 20d avg,99.8,100.52,contango,15.24,18.9,-3.66,below 20-obs avg,2.7,2.75,cyclicals leading,-1.2,0,-1.2,below 20d avg,0.2856,0.2871,subdued,137.13,142.11
2026-08-11T15:15:35.828Z,risk-on,6-1,normal,0.47,below 20d avg,99.8,100.52,contango,15.24,18.9,-3.66,below 20-obs avg,2.7,2.75,cyclicals leading,-1.2,0,-1.2,below 20d avg,0.2856,0.2871,subdued,137.13,142.11
2026-08-11T16:14:34.127Z,risk-on,6-1,normal,0.47,below 20d avg,99.81,100.52,contango,15.33,18.94,-3.61,below 20-obs avg,2.7,2.75,cyclicals leading,-0.8,0,-0.8,below 20d avg,0.2862,0.2872,subdued,137.13,142.11
2026-08-11T16:14:46.107Z,risk-on,6-1,normal,0.47,below 20d avg,99.81,100.52,contango,15.33,18.94,-3.61,below 20-obs avg,2.7,2.75,cyclicals leading,-0.8,0,-0.8,below 20d avg,0.2863,0.2872,subdued,137.13,142.11
2026-08-11T17:23:40.924Z,risk-on,6-1,normal,0.47,below 20d avg,99.86,100.52,contango,15.41,18.98,-3.57,below 20-obs avg,2.7,2.75,cyclicals leading,-1,-0.1,-0.9,below 20d avg,0.2863,0.2872,subdued,137.13,142.11
2026-08-11T17:23:41.593Z,risk-on,6-1,normal,0.47,below 20d avg,99.86,100.52,contango,15.41,18.98,-3.57,below 20-obs avg,2.7,2.75,cyclicals leading,-1,-0.1,-0.9,below 20d avg,0.2863,0.2872,subdued,137.13,142.11
2026-08-11T18:27:37.142Z,risk-on,6-1,normal,0.47,below 20d avg,99.87,100.52,contango,15.29,18.9,-3.61,below 20-obs avg,2.7,2.75,cyclicals leading,-0.9,0,-0.9,below 20d avg,0.2868,0.2872,subdued,137.13,142.11
2026-08-11T18:27:37.529Z,risk-on,6-1,normal,0.47,below 20d avg,99.87,100.52,contango,15.29,18.9,-3.61,below 20-obs avg,2.7,2.75,cyclicals leading,-0.9,0,-0.9,below 20d avg,0.2868,0.2872,subdued,137.13,142.11
2026-08-11T19:38:18.080Z,risk-on,6-1,normal,0.47,below 20d avg,99.82,100.52,contango,15.25,18.91,-3.66,below 20-obs avg,2.7,2.75,cyclicals leading,-0.8,-0.2,-0.7,below 20d avg,0.2865,0.2872,subdued,137.13,142.11
2026-08-11T19:38:18.691Z,risk-on,6-1,normal,0.47,below 20d avg,99.82,100.52,contango,15.25,18.91,-3.66,below 20-obs avg,2.7,2.75,cyclicals leading,-0.8,-0.2,-0.7,below 20d avg,0.2865,0.2872,subdued,137.13,142.11
2026-08-11T20:23:24.905Z,risk-on,6-1,normal,0.48,below 20d avg,99.82,100.52,contango,15.26,18.91,-3.65,below 20-obs avg,2.7,2.75,cyclicals leading,-0.8,-0.2,-0.5,below 20d avg,0.2864,0.2872,subdued,137.13,142.11
2026-08-11T20:23:25.747Z,risk-on,6-1,normal,0.48,below 20d avg,99.82,100.52,contango,15.26,18.91,-3.65,below 20-obs avg,2.7,2.75,cyclicals leading,-0.8,-0.2,-0.5,below 20d avg,0.2864,0.2872,subdued,137.13,142.11
2026-08-11T21:13:48.122Z,risk-on,6-1,normal,0.48,below 20d avg,99.82,100.52,contango,15.28,18.91,-3.63,below 20-obs avg,2.7,2.75,cyclicals leading,-0.8,-0.3,-0.5,below 20d avg,0.2864,0.2872,subdued,137.13,142.11
2026-08-11T21:13:48.701Z,risk-on,6-1,normal,0.48,below 20d avg,99.82,100.52,contango,15.28,18.91,-3.63,below 20-obs avg,2.7,2.75,cyclicals leading,-0.8,-0.3,-0.5,below 20d avg,0.2864,0.2872,subdued,137.13,142.11
2026-08-12T11:54:28.918Z,risk-on,6-1,normal,0.48,below 20d avg,99.81,100.49,contango,15.39,20.54,-5.15,below 20-obs avg,2.7,2.75,cyclicals leading,-0.8,-0.3,-0.5,below 20d avg,0.2864,0.2872,subdued,135.59,141.23
2026-08-12T13:35:17.408Z,risk-on,5-2,normal,0.48,below 20d avg,99.71,100.48,contango,14.96,20.54,-5.58,below 20-obs avg,2.7,2.75,defensives leading,0.4,0.2,0.2,below 20d avg,0.2859,0.2874,subdued,135.59,141.63
2026-08-12T13:35:17.774Z,risk-on,5-2,normal,0.48,below 20d avg,99.71,100.48,contango,14.96,20.54,-5.58,below 20-obs avg,2.7,2.75,defensives leading,0.4,0.2,0.2,below 20d avg,0.2859,0.2874,subdued,135.59,141.63
2026-08-12T14:43:26.069Z,risk-on,5-2,normal,0.48,below 20d avg,99.76,100.48,contango,14.74,18.67,-3.93,below 20-obs avg,2.72,2.75,defensives leading,0.4,-0.3,0.8,below 20d avg,0.2849,0.2873,subdued,135.59,141.63
2026-08-12T14:43:26.907Z,risk-on,5-2,normal,0.48,below 20d avg,99.76,100.48,contango,14.74,18.67,-3.93,below 20-obs avg,2.72,2.75,defensives leading,0.4,-0.3,0.8,below 20d avg,0.2849,0.2873,subdued,135.59,141.63
2026-08-12T15:41:32.669Z,risk-on,5-2,normal,0.48,below 20d avg,99.84,100.52,contango,14.84,18.72,-3.88,below 20-obs avg,2.72,2.75,defensives leading,0.3,-0.3,0.7,below 20d avg,0.2858,0.2873,subdued,135.59,141.23
2026-08-12T15:41:33.220Z,risk-on,5-2,normal,0.48,below 20d avg,99.84,100.52,contango,14.84,18.72,-3.88,below 20-obs avg,2.72,2.75,defensives leading,0.3,-0.3,0.7,below 20d avg,0.2858,0.2873,subdued,135.59,141.23
2026-08-12T16:37:37.598Z,risk-on,5-2,normal,0.48,below 20d avg,99.9,100.49,contango,14.8,18.65,-3.85,below 20-obs avg,2.72,2.75,defensives leading,0,-0.2,0.2,below 20d avg,0.2859,0.2874,subdued,135.59,141.63
2026-08-12T16:37:37.960Z,risk-on,5-2,normal,0.48,below 20d avg,99.9,100.49,contango,14.8,18.65,-3.85,below 20-obs avg,2.72,2.75,defensives leading,0,-0.2,0.2,below 20d avg,0.2859,0.2874,subdued,135.59,141.63
2026-08-12T17:41:27.929Z,risk-on,5-2,normal,0.48,below 20d avg,99.96,100.49,contango,14.66,18.56,-3.9,below 20-obs avg,2.72,2.75,defensives leading,0.1,-0.2,0.3,below 20d avg,0.2858,0.2874,subdued,135.59,141.63
2026-08-12T17:41:29.125Z,risk-on,5-2,normal,0.48,below 20d avg,99.96,100.49,contango,14.66,18.56,-3.9,below 20-obs avg,2.72,2.75,defensives leading,0.1,-0.2,0.3,below 20d avg,0.2858,0.2874,subdued,135.59,141.63
2026-08-12T18:37:32.614Z,risk-on,5-2,normal,0.48,below 20d avg,99.96,100.49,contango,14.55,18.49,-3.94,below 20-obs avg,2.72,2.75,defensives leading,0.5,-0.1,0.5,below 20d avg,0.2861,0.2874,subdued,135.59,141.63
2026-08-12T18:37:33.026Z,risk-on,5-2,normal,0.48,below 20d avg,99.96,100.49,contango,14.55,18.49,-3.94,below 20-obs avg,2.72,2.75,defensives leading,0.5,-0.1,0.5,below 20d avg,0.2861,0.2874,subdued,135.59,141.63
2026-08-12T19:47:50.465Z,risk-on,5-2,normal,0.48,below 20d avg,100,100.5,contango,14.44,18.45,-4.01,below 20-obs avg,2.72,2.75,defensives leading,0.2,-0.1,0.3,below 20d avg,0.2863,0.2873,subdued,135.59,141.63
2026-08-12T19:47:51.493Z,risk-on,5-2,normal,0.48,below 20d avg,100,100.5,contango,14.44,18.45,-4.01,below 20-obs avg,2.72,2.75,defensives leading,0.2,-0.1,0.3,below 20d avg,0.2863,0.2873,subdued,135.59,141.23
2026-08-12T20:27:30.048Z,risk-on,5-2,normal,0.48,below 20d avg,100,100.5,contango,14.49,18.49,-4,below 20-obs avg,2.72,2.75,defensives leading,0.4,-0.2,0.6,below 20d avg,0.2862,0.2874,subdued,135.59,141.63
2026-08-12T20:27:30.407Z,risk-on,5-2,normal,0.48,below 20d avg,100,100.5,contango,14.49,18.49,-4,below 20-obs avg,2.72,2.75,defensives leading,0.4,-0.2,0.6,below 20d avg,0.2862,0.2874,subdued,135.59,141.63
2026-08-12T21:23:44.153Z,risk-on,5-2,normal,0.48,below 20d avg,99.98,100.5,contango,14.55,18.53,-3.98,below 20-obs avg,2.72,2.75,defensives leading,0.4,-0.2,0.6,below 20d avg,0.2862,0.2874,subdued,136.54,141.03
2026-08-12T21:23:44.567Z,risk-on,5-2,normal,0.48,below 20d avg,99.98,100.5,contango,14.55,18.53,-3.98,below 20-obs avg,2.72,2.75,defensives leading,0.4,-0.2,0.6,below 20d avg,0.2862,0.2874,subdued,136.54,141.03
2026-08-13T11:54:36.769Z,risk-on,5-2,normal,0.48,below 20d avg,99.89,100.46,contango,14.55,20.54,-5.99,below 20-obs avg,2.72,2.75,defensives leading,0.4,-0.2,0.6,below 20d avg,0.2862,0.2874,subdued,136.54,140.84
2026-08-13T13:36:07.221Z,risk-on,5-2,normal,0.48,below 20d avg,99.87,100.45,contango,14.42,20.54,-6.12,below 20-obs avg,2.72,2.75,defensives leading,1.6,0.5,1.1,below 20d avg,0.2861,0.2874,subdued,136.54,141.03
2026-08-13T13:36:07.726Z,risk-on,5-2,normal,0.48,below 20d avg,99.87,100.45,contango,14.42,20.54,-6.12,below 20-obs avg,2.72,2.75,defensives leading,1.6,0.5,1.1,below 20d avg,0.2861,0.2874,subdued,136.54,141.03
2026-08-13T15:41:44.700Z,risk-on,5-2,normal,0.48,below 20d avg,99.91,100.46,contango,14.57,18.55,-3.98,below 20-obs avg,2.71,2.75,defensives leading,1.4,0.3,1.1,below 20d avg,0.2856,0.2874,subdued,136.54,140.84
2026-08-13T15:41:45.210Z,risk-on,5-2,normal,0.48,below 20d avg,99.91,100.46,contango,14.57,18.55,-3.98,below 20-obs avg,2.71,2.75,defensives leading,1.4,0.3,1.1,below 20d avg,0.2856,0.2873,subdued,136.54,141.03
2026-08-13T16:37:39.705Z,risk-on,5-2,normal,0.48,below 20d avg,99.97,100.46,contango,14.71,18.63,-3.92,below 20-obs avg,2.71,2.75,defensives leading,1.4,0.4,1,below 20d avg,0.2855,0.2873,subdued,136.54,141.03
2026-08-13T16:37:40.405Z,risk-on,5-2,normal,0.48,below 20d avg,99.97,100.46,contango,14.71,18.63,-3.92,below 20-obs avg,2.71,2.75,defensives leading,1.3,0.4,0.9,below 20d avg,0.2855,0.2874,subdued,136.54,141.03
2026-08-13T17:41:14.625Z,risk-on,5-2,normal,0.48,below 20d avg,99.98,100.46,contango,14.75,18.67,-3.92,below 20-obs avg,2.71,2.75,defensives leading,1.3,0.4,0.9,below 20d avg,0.2855,0.2874,subdued,136.54,140.84
2026-08-13T17:41:15.311Z,risk-on,5-2,normal,0.48,below 20d avg,99.98,100.46,contango,14.75,18.67,-3.92,below 20-obs avg,2.71,2.75,defensives leading,1.3,0.4,0.9,below 20d avg,0.2855,0.2874,subdued,136.54,140.84
2026-08-13T18:38:31.548Z,risk-on,5-2,normal,0.48,below 20d avg,99.96,100.46,contango,14.69,18.63,-3.94,below 20-obs avg,2.71,2.75,defensives leading,1.3,0.5,0.8,below 20d avg,0.2857,0.2874,subdued,136.54,141.03
2026-08-13T18:38:31.947Z,risk-on,5-2,normal,0.48,below 20d avg,99.96,100.46,contango,14.69,18.63,-3.94,below 20-obs avg,2.71,2.75,defensives leading,1.3,0.5,0.8,below 20d avg,0.2857,0.2873,subdued,136.54,141.03
2026-08-13T19:43:25.090Z,risk-on,5-2,normal,0.48,below 20d avg,99.95,100.46,contango,14.72,18.7,-3.98,below 20-obs avg,2.71,2.75,defensives leading,1.5,0.6,0.8,below 20d avg,0.2865,0.2874,subdued,136.54,141.03
2026-08-13T19:43:25.673Z,risk-on,5-2,normal,0.48,below 20d avg,99.95,100.46,contango,14.72,18.7,-3.98,below 20-obs avg,2.71,2.75,defensives leading,1.5,0.6,0.8,below 20d avg,0.2865,0.2874,subdued,136.54,141.03
2026-08-13T20:23:06.193Z,risk-on,5-2,normal,0.48,below 20d avg,99.98,100.46,contango,14.58,18.59,-4.01,below 20-obs avg,2.71,2.75,defensives leading,1.5,0.7,0.8,below 20d avg,0.2863,0.2874,subdued,136.54,140.84
2026-08-13T20:23:06.967Z,risk-on,5-2,normal,0.48,below 20d avg,99.98,100.46,contango,14.58,18.59,-4.01,below 20-obs avg,2.71,2.75,defensives leading,1.5,0.7,0.8,below 20d avg,0.2863,0.2874,subdued,136.54,141.03
2026-08-13T21:12:48.305Z,risk-on,5-2,normal,0.48,below 20d avg,99.96,100.46,contango,14.63,18.61,-3.98,below 20-obs avg,2.71,2.75,defensives leading,1.5,0.7,0.9,below 20d avg,0.2863,0.2874,subdued,136.54,141.03
2026-08-13T21:12:48.688Z,risk-on,5-2,normal,0.48,below 20d avg,99.96,100.46,contango,14.63,18.61,-3.98,below 20-obs avg,2.71,2.75,defensives leading,1.5,0.7,0.9,below 20d avg,0.2863,0.2874,subdued,136.54,141.03
2026-08-14T11:51:48.044Z,risk-on,5-2,normal,0.48,below 20d avg,99.6,100.4,contango,14.51,20.54,-6.03,below 20-obs avg,2.71,2.75,defensives leading,1.5,0.7,0.8,below 20d avg,0.2863,0.2874,subdued,134.37,140.46
2026-08-14T12:43:15.896Z,risk-on,5-2,normal,0.48,below 20d avg,99.51,100.4,contango,14.53,18.61,-4.08,below 20-obs avg,2.71,2.75,defensives leading,1.5,0.7,0.8,below 20d avg,0.2863,0.2874,subdued,134.37,140.46
2026-08-14T12:43:16.364Z,risk-on,5-2,normal,0.48,below 20d avg,99.51,100.4,contango,14.53,20.54,-6.01,below 20-obs avg,2.71,2.75,defensives leading,1.5,0.7,0.8,below 20d avg,0.2863,0.2874,subdued,134.37,140.28
2026-08-14T14:03:36.339Z,risk-on,5-2,normal,0.48,below 20d avg,99.51,100.4,contango,14.59,18.6,-4.01,below 20-obs avg,2.71,2.75,defensives leading,1.1,0.9,0.1,below 20d avg,0.2863,0.2873,subdued,134.37,140.46
2026-08-14T14:03:36.824Z,risk-on,5-2,normal,0.48,below 20d avg,99.51,100.4,contango,14.59,18.6,-4.01,below 20-obs avg,2.71,2.75,defensives leading,1.1,0.9,0.1,below 20d avg,0.2863,0.2873,subdued,134.37,140.46
2026-08-14T15:06:30.307Z,risk-on,5-2,normal,0.48,below 20d avg,99.54,100.4,contango,14.48,18.57,-4.09,below 20-obs avg,2.71,2.75,defensives leading,1,0.9,0.2,below 20d avg,0.2867,0.2874,subdued,134.37,140.28
2026-08-14T15:06:30.745Z,risk-on,5-2,normal,0.48,below 20d avg,99.54,100.4,contango,14.48,18.57,-4.09,below 20-obs avg,2.71,2.75,defensives leading,1,0.9,0.2,below 20d avg,0.2867,0.2874,subdued,134.37,140.46
2026-08-14T16:05:23.177Z,risk-on,5-2,normal,0.48,below 20d avg,99.53,100.39,contango,14.71,18.73,-4.02,below 20-obs avg,2.71,2.75,defensives leading,1.3,0.8,0.5,below 20d avg,0.287,0.2874,subdued,134.37,140.28
2026-08-14T16:05:23.856Z,risk-on,5-2,normal,0.48,below 20d avg,99.53,100.39,contango,14.71,18.73,-4.02,below 20-obs avg,2.71,2.75,defensives leading,1.3,0.8,0.5,below 20d avg,0.287,0.2874,subdued,134.37,140.28
2026-08-14T17:10:25.086Z,risk-on,5-2,normal,0.48,below 20d avg,99.63,100.4,contango,14.44,18.55,-4.11,below 20-obs avg,2.71,2.75,defensives leading,1.1,0.9,0.2,below 20d avg,0.287,0.2874,subdued,134.37,140.46
2026-08-14T17:10:25.775Z,risk-on,5-2,normal,0.48,below 20d avg,99.63,100.4,contango,14.44,18.55,-4.11,below 20-obs avg,2.71,2.75,defensives leading,1.1,0.9,0.2,below 20d avg,0.287,0.2874,subdued,134.37,140.46
2026-08-14T18:06:37.799Z,risk-on,5-2,normal,0.48,below 20d avg,99.67,100.4,contango,14.34,18.47,-4.13,below 20-obs avg,2.71,2.75,defensives leading,1.2,0.8,0.4,below 20d avg,0.2869,0.2874,subdued,134.37,140.46
2026-08-14T18:06:38.264Z,risk-on,5-2,normal,0.48,below 20d avg,99.67,100.4,contango,14.34,18.47,-4.13,below 20-obs avg,2.71,2.75,defensives leading,1.2,0.8,0.4,below 20d avg,0.2869,0.2874,subdued,134.37,140.46
2026-08-14T19:12:58.236Z,risk-on,5-2,normal,0.48,below 20d avg,99.66,100.4,contango,14.35,18.49,-4.14,below 20-obs avg,2.71,2.75,defensives leading,1.2,1,0.3,below 20d avg,0.2872,0.2874,subdued,134.37,140.46
2026-08-14T19:12:58.860Z,risk-on,5-2,normal,0.48,below 20d avg,99.66,100.4,contango,14.35,18.49,-4.14,below 20-obs avg,2.71,2.75,defensives leading,1.2,1,0.3,below 20d avg,0.2872,0.2874,subdued,134.37,140.46
2026-08-14T19:57:49.348Z,risk-on,5-2,normal,0.51,below 20d avg,99.66,100.4,contango,14.27,18.44,-4.17,below 20-obs avg,2.71,2.75,defensives leading,1.1,0.9,0.2,below 20d avg,0.287,0.2874,subdued,134.37,140.28
2026-08-14T19:57:50.061Z,risk-on,5-2,normal,0.51,below 20d avg,99.66,100.4,contango,14.27,18.44,-4.17,below 20-obs avg,2.71,2.75,defensives leading,1.1,0.9,0.2,below 20d avg,0.287,0.2874,subdued,134.37,140.28
2026-08-14T20:38:21.292Z,risk-on,5-2,normal,0.51,below 20d avg,99.64,100.4,contango,14.25,18.46,-4.21,below 20-obs avg,2.71,2.75,defensives leading,1.1,1,0.1,below 20d avg,0.2869,0.2874,subdued,134.37,140.46
2026-08-14T20:38:21.667Z,risk-on,5-2,normal,0.51,below 20d avg,99.64,100.4,contango,14.25,18.46,-4.21,below 20-obs avg,2.71,2.75,defensives leading,1.1,1,0.1,below 20d avg,0.2869,0.2874,subdued,134.37,140.46
2026-08-14T21:01:55.686Z,risk-on,5-2,normal,0.51,below 20d avg,99.65,100.4,contango,14.25,18.46,-4.21,below 20-obs avg,2.71,2.75,defensives leading,1.1,0.8,0.3,below 20d avg,0.2869,0.2874,subdued,134.37,140.28
2026-08-14T21:01:56.485Z,risk-on,5-2,normal,0.51,below 20d avg,99.65,100.4,contango,14.25,18.46,-4.21,below 20-obs avg,2.71,2.75,defensives leading,1.1,0.8,0.3,below 20d avg,0.2869,0.2874,subdued,134.37,140.28
2026-08-14T21:35:09.692Z,risk-on,5-2,normal,0.51,below 20d avg,99.64,100.4,contango,14.25,18.46,-4.21,below 20-obs avg,2.71,2.75,defensives leading,1.1,0.8,0.3,below 20d avg,0.2869,0.2874,subdued,138.36,140.02
2026-08-14T21:35:10.161Z,risk-on,5-2,normal,0.51,below 20d avg,99.64,100.4,contango,14.25,18.46,-4.21,below 20-obs avg,2.71,2.75,defensives leading,1.1,0.8,0.3,below 20d avg,0.2869,0.2874,subdued,138.36,140.02
2026-08-14T21:58:34.273Z,risk-on,5-2,normal,0.51,below 20d avg,99.64,100.4,contango,14.25,18.46,-4.21,below 20-obs avg,2.71,2.75,defensives leading,1.1,0.8,0.3,below 20d avg,0.2869,0.2874,subdued,138.36,140.02
2026-08-14T21:58:34.723Z,risk-on,5-2,normal,0.51,below 20d avg,99.64,100.4,contango,14.25,18.46,-4.21,below 20-obs avg,2.71,2.75,defensives leading,1.1,0.8,0.3,below 20d avg,0.2869,0.2874,subdued,138.36,140.02
2026-08-17T11:33:30.517Z,risk-on,5-2,normal,0.51,below 20d avg,99.49,100.33,contango,14.91,18.46,-3.55,below 20-obs avg,2.71,2.75,defensives leading,1.1,0.8,0.3,below 20d avg,0.2869,0.2874,subdued,138.36,139.94
2026-08-17T11:55:33.730Z,risk-on,5-2,normal,0.51,below 20d avg,99.49,100.33,contango,14.91,20.54,-5.63,below 20-obs avg,2.71,2.75,defensives leading,1.1,1,0.1,below 20d avg,0.2869,0.2874,subdued,138.36,140.02
2026-08-17T11:55:34.521Z,risk-on,5-2,normal,0.51,below 20d avg,99.49,100.33,contango,14.91,20.54,-5.63,below 20-obs avg,2.71,2.75,defensives leading,1.1,1,0.1,below 20d avg,0.2869,0.2874,subdued,138.36,140.02
2026-08-17T12:59:33.638Z,risk-on,5-2,normal,0.51,below 20d avg,99.46,100.33,contango,15.07,20.54,-5.47,below 20-obs avg,2.71,2.75,defensives leading,1.1,1,0.1,below 20d avg,0.2869,0.2874,subdued,138.36,140.02
2026-08-17T12:59:33.984Z,risk-on,5-2,normal,0.51,below 20d avg,99.46,100.33,contango,15.07,20.54,-5.47,below 20-obs avg,2.71,2.75,defensives leading,1.1,1,0.1,below 20d avg,0.2869,0.2874,subdued,138.36,140.02
2026-08-17T13:47:11.117Z,risk-on,6-1,normal,0.51,below 20d avg,99.44,100.33,contango,15.01,18.83,-3.82,below 20-obs avg,2.71,2.75,cyclicals leading,0.3,0.7,-0.4,below 20d avg,0.286,0.2874,subdued,138.36,140.02
2026-08-17T13:47:11.622Z,risk-on,6-1,normal,0.51,below 20d avg,99.44,100.33,contango,15.01,18.83,-3.82,below 20-obs avg,2.71,2.75,cyclicals leading,0.3,0.7,-0.4,below 20d avg,0.286,0.2874,subdued,138.36,140.02
2026-08-17T14:13:41.951Z,risk-on,6-1,normal,0.51,below 20d avg,99.43,100.33,contango,14.98,18.83,-3.85,below 20-obs avg,2.71,2.75,cyclicals leading,0.3,0.7,-0.3,below 20d avg,0.2861,0.2874,subdued,138.36,140.02
2026-08-17T14:13:42.439Z,risk-on,6-1,normal,0.51,below 20d avg,99.43,100.33,contango,14.98,18.83,-3.85,below 20-obs avg,2.71,2.75,cyclicals leading,0.3,0.7,-0.3,below 20d avg,0.2861,0.2874,subdued,138.36,140.02
2026-08-17T14:49:36.419Z,risk-on,6-1,normal,0.51,below 20d avg,99.48,100.33,contango,15,18.85,-3.85,below 20-obs avg,2.67,2.75,cyclicals leading,0.3,0.3,0,below 20d avg,0.2859,0.2874,subdued,138.36,140.02
2026-08-17T14:49:37.097Z,risk-on,6-1,normal,0.51,below 20d avg,99.48,100.33,contango,15,18.85,-3.85,below 20-obs avg,2.67,2.75,cyclicals leading,0.3,0.3,0,below 20d avg,0.2859,0.2874,subdued,138.36,140.02
2026-08-17T15:12:43.836Z,risk-on,6-1,normal,0.51,below 20d avg,99.51,100.33,contango,14.98,18.87,-3.89,below 20-obs avg,2.67,2.75,cyclicals leading,-0.1,0,0,below 20d avg,0.2856,0.2873,subdued,138.36,140.02
2026-08-17T15:12:44.526Z,risk-on,6-1,normal,0.51,below 20d avg,99.51,100.33,contango,14.98,18.87,-3.89,below 20-obs avg,2.67,2.75,cyclicals leading,-0.1,0.6,-0.6,below 20d avg,0.2856,0.2873,subdued,138.36,140.02
2026-08-17T15:43:00.064Z,risk-on,6-1,normal,0.51,below 20d avg,99.52,100.33,contango,14.94,18.85,-3.91,below 20-obs avg,2.67,2.75,cyclicals leading,-0.2,0.4,-0.7,below 20d avg,0.2855,0.2873,subdued,138.36,140.02
2026-08-17T15:43:00.603Z,risk-on,6-1,normal,0.51,below 20d avg,99.52,100.33,contango,14.94,18.85,-3.91,below 20-obs avg,2.67,2.75,cyclicals leading,-0.2,0.4,-0.6,below 20d avg,0.2855,0.2873,subdued,138.36,140.02
2026-08-17T16:01:00.143Z,risk-on,6-1,normal,0.51,below 20d avg,99.5,100.33,contango,15.05,18.89,-3.84,below 20-obs avg,2.67,2.75,cyclicals leading,-0.3,-0.2,-0.1,below 20d avg,0.2854,0.2873,subdued,138.36,140.02
2026-08-17T16:01:00.922Z,risk-on,6-1,normal,0.51,below 20d avg,99.5,100.33,contango,15.05,18.89,-3.84,below 20-obs avg,2.67,2.75,cyclicals leading,-0.3,0.5,-0.8,below 20d avg,0.2854,0.2873,subdued,138.36,140.02
2026-08-17T16:38:59.482Z,risk-on,6-1,normal,0.51,below 20d avg,99.49,100.33,contango,15.02,18.89,-3.87,below 20-obs avg,2.67,2.75,cyclicals leading,0,0.1,-0.1,below 20d avg,0.2859,0.2874,subdued,138.36,140.02
2026-08-17T16:38:59.832Z,risk-on,6-1,normal,0.51,below 20d avg,99.49,100.33,contango,15.02,18.89,-3.87,below 20-obs avg,2.67,2.75,cyclicals leading,0,0.1,-0.1,below 20d avg,0.2859,0.2874,subdued,138.36,140.02
2026-08-17T17:02:59.768Z,risk-on,6-1,normal,0.51,below 20d avg,99.49,100.33,contango,15.1,18.93,-3.83,below 20-obs avg,2.67,2.75,cyclicals leading,-0.1,0.7,-0.7,below 20d avg,0.286,0.2874,subdued,138.36,140.02
2026-08-17T17:03:00.410Z,risk-on,6-1,normal,0.51,below 20d avg,99.49,100.33,contango,15.1,18.93,-3.83,below 20-obs avg,2.67,2.75,cyclicals leading,-0.1,0.7,-0.7,below 20d avg,0.286,0.2874,subdued,138.36,140.02
2026-08-17T17:38:53.369Z,risk-on,6-1,normal,0.51,below 20d avg,99.54,100.33,contango,15.35,19.08,-3.73,below 20-obs avg,2.67,2.75,cyclicals leading,-0.3,0.6,-0.8,below 20d avg,0.286,0.2874,subdued,138.36,140.02
2026-08-17T17:38:54.179Z,risk-on,6-1,normal,0.51,below 20d avg,99.54,100.33,contango,15.35,19.08,-3.73,below 20-obs avg,2.67,2.75,cyclicals leading,-0.3,0.6,-0.8,below 20d avg,0.286,0.2874,subdued,138.36,140.02
2026-08-17T18:02:57.828Z,risk-on,6-1,normal,0.51,below 20d avg,99.58,100.33,contango,15.21,19.06,-3.85,below 20-obs avg,2.67,2.75,cyclicals leading,-0.2,0,-0.2,below 20d avg,0.2861,0.2874,subdued,138.36,140.02
2026-08-17T18:02:58.907Z,risk-on,6-1,normal,0.51,below 20d avg,99.58,100.33,contango,15.21,19.06,-3.85,below 20-obs avg,2.67,2.75,cyclicals leading,-0.2,0.6,-0.8,below 20d avg,0.2861,0.2874,subdued,138.36,140.02
2026-08-17T18:54:08.740Z,risk-on,6-1,normal,0.51,below 20d avg,99.64,100.34,contango,15.19,19,-3.81,below 20-obs avg,2.67,2.75,cyclicals leading,-0.4,-0.3,-0.1,below 20d avg,0.2857,0.2873,subdued,138.36,140.02
2026-08-17T18:54:09.811Z,risk-on,6-1,normal,0.51,below 20d avg,99.64,100.34,contango,15.19,19,-3.81,below 20-obs avg,2.67,2.75,cyclicals leading,-0.4,0.4,-0.7,below 20d avg,0.2857,0.2873,subdued,138.36,140.02
2026-08-17T19:34:53.053Z,risk-on,6-1,normal,0.51,below 20d avg,99.59,100.33,contango,15.19,19.02,-3.83,below 20-obs avg,2.67,2.75,cyclicals leading,-0.4,0.3,-0.7,below 20d avg,0.2858,0.2874,subdued,138.36,140.02
2026-08-17T19:34:53.667Z,risk-on,6-1,normal,0.51,below 20d avg,99.59,100.33,contango,15.19,19.02,-3.83,below 20-obs avg,2.67,2.75,cyclicals leading,-0.4,0.3,-0.7,below 20d avg,0.2858,0.2874,subdued,138.36,140.02
2026-08-17T19:58:48.975Z,risk-on,6-1,normal,0.53,below 20d avg,99.57,100.33,contango,15.24,19.06,-3.82,below 20-obs avg,2.67,2.75,cyclicals leading,-0.3,0.3,-0.6,below 20d avg,0.2858,0.2874,subdued,138.36,140.02
2026-08-17T19:58:50.275Z,risk-on,6-1,normal,0.53,below 20d avg,99.57,100.33,contango,15.24,19.06,-3.82,below 20-obs avg,2.67,2.75,cyclicals leading,-0.3,0.3,-0.6,below 20d avg,0.2858,0.2874,subdued,138.36,140.02
2026-08-17T20:35:33.600Z,risk-on,5-2,normal,0.53,below 20d avg,99.59,100.33,contango,15.19,19.04,-3.85,below 20-obs avg,2.67,2.75,defensives leading,-0.3,-0.4,0,below 20d avg,0.2857,0.2873,subdued,138.36,140.02
2026-08-17T20:35:34.171Z,risk-on,5-2,normal,0.53,below 20d avg,99.59,100.33,contango,15.19,19.04,-3.85,below 20-obs avg,2.67,2.75,defensives leading,-0.3,-0.4,0,below 20d avg,0.2857,0.2873,subdued,138.36,140.02
2026-08-17T21:02:17.496Z,risk-on,6-1,normal,0.53,below 20d avg,99.59,100.33,contango,15.19,19.04,-3.85,below 20-obs avg,2.67,2.75,cyclicals leading,-0.3,0.3,-0.6,below 20d avg,0.2857,0.2873,subdued,138.36,140.02
2026-08-17T21:02:18.358Z,risk-on,5-2,normal,0.53,below 20d avg,99.59,100.33,contango,15.19,19.04,-3.85,below 20-obs avg,2.67,2.75,defensives leading,-0.3,-0.4,0,below 20d avg,0.2857,0.2873,subdued,138.36,140.02
2026-08-17T21:35:08.816Z,risk-on,4-3,normal,0.53,below 20d avg,99.58,100.33,contango,15.19,19.04,-3.85,below 20-obs avg,2.67,2.75,defensives leading,-0.3,-0.4,0,below 20d avg,0.2857,0.2873,elevated,142.91,139.86
2026-08-17T21:35:10.018Z,risk-on,4-3,normal,0.53,below 20d avg,99.58,100.33,contango,15.19,19.04,-3.85,below 20-obs avg,2.67,2.75,defensives leading,-0.3,-0.4,0,below 20d avg,0.2857,0.2873,elevated,142.91,139.86
2026-08-17T21:59:13.675Z,risk-on,4-3,normal,0.53,below 20d avg,99.58,100.33,contango,15.19,19.04,-3.85,below 20-obs avg,2.67,2.75,defensives leading,-0.3,-0.4,0,below 20d avg,0.2857,0.2873,elevated,142.91,139.86
2026-08-17T21:59:14.095Z,risk-on,4-3,normal,0.53,below 20d avg,99.58,100.33,contango,15.19,19.04,-3.85,below 20-obs avg,2.67,2.75,defensives leading,-0.3,-0.4,0,below 20d avg,0.2857,0.2873,elevated,142.91,139.86
2026-08-18T11:33:24.808Z,risk-on,5-2,normal,0.53,below 20d avg,99.66,100.36,contango,15.73,19.04,-3.31,below 20-obs avg,2.67,2.75,defensives leading,1.1,0.8,0.3,below 20d avg,0.2869,0.2874,subdued,138.36,139.94
2026-08-18T11:56:59.221Z,risk-on,5-2,normal,0.53,below 20d avg,99.66,100.36,contango,15.73,19.04,-3.31,below 20-obs avg,2.67,2.75,defensives leading,1.1,0.8,0.3,below 20d avg,0.2869,0.2874,subdued,138.36,139.94
2026-08-18T11:56:59.986Z,risk-on,5-2,normal,0.53,below 20d avg,99.67,100.36,contango,15.73,19.04,-3.31,below 20-obs avg,2.67,2.75,defensives leading,1.1,0.8,0.3,below 20d avg,0.2869,0.2874,subdued,138.36,140.02
2026-08-18T13:01:14.731Z,risk-on,5-2,normal,0.53,below 20d avg,99.63,100.34,contango,15.79,20.54,-4.75,below 20-obs avg,2.67,2.75,defensives leading,1.1,1,0.1,below 20d avg,0.2869,0.2874,subdued,138.36,140.02
2026-08-18T13:01:15.206Z,risk-on,5-2,normal,0.53,below 20d avg,99.63,100.34,contango,15.79,20.54,-4.75,below 20-obs avg,2.67,2.75,defensives leading,1.1,1,0.1,below 20d avg,0.2869,0.2874,subdued,138.36,140.02
2026-08-18T13:51:13.648Z,risk-on,6-1,normal,0.53,below 20d avg,99.57,100.35,contango,15.75,19.36,-3.61,below 20-obs avg,2.67,2.75,defensives leading,0.9,0,0.9,above 20d avg,0.2878,0.2875,subdued,138.36,140.02
2026-08-18T13:51:14.294Z,risk-on,6-1,normal,0.53,below 20d avg,99.57,100.33,contango,15.75,19.36,-3.61,below 20-obs avg,2.67,2.75,defensives leading,0.9,0,0.9,above 20d avg,0.2878,0.2875,subdued,138.36,140.02
2026-08-18T14:21:51.791Z,risk-on,6-1,normal,0.53,below 20d avg,99.57,100.35,contango,15.75,19.28,-3.53,below 20-obs avg,2.67,2.75,defensives leading,1,-0.2,1.2,above 20d avg,0.2879,0.2873,subdued,138.36,139.94
2026-08-18T14:21:52.762Z,risk-on,6-1,normal,0.53,below 20d avg,99.56,100.35,contango,15.76,19.28,-3.52,below 20-obs avg,2.67,2.75,defensives leading,1,-0.2,1.2,above 20d avg,0.2879,0.2873,subdued,138.36,139.94
2026-08-18T14:59:35.020Z,risk-on,6-1,normal,0.53,below 20d avg,99.56,100.33,contango,15.66,19.21,-3.55,below 20-obs avg,2.7,2.75,defensives leading,1.4,-0.3,1.7,above 20d avg,0.288,0.2873,subdued,138.36,139.94
2026-08-18T14:59:35.471Z,risk-on,6-1,normal,0.53,below 20d avg,99.56,100.35,contango,15.66,19.21,-3.55,below 20-obs avg,2.7,2.75,defensives leading,1.4,-0.3,1.7,above 20d avg,0.288,0.2873,subdued,138.36,139.94
2026-08-18T15:39:58.945Z,risk-on,5-2,normal,0.53,below 20d avg,99.63,100.26,contango,15.88,19.29,-3.41,below 20-obs avg,2.7,2.75,defensives leading,1.5,-0.6,2.1,above 20d avg,0.2875,0.2875,elevated,142.91,139.86
2026-08-18T15:40:00.247Z,risk-on,5-2,normal,0.53,below 20d avg,99.63,100.26,contango,15.88,19.29,-3.41,below 20-obs avg,2.7,2.75,defensives leading,1.5,-0.6,2.1,above 20d avg,0.2876,0.2875,elevated,142.91,139.86
2026-08-18T16:02:44.845Z,risk-on,4-3,normal,0.53,below 20d avg,99.6,100.3,contango,15.76,19.26,-3.5,below 20-obs avg,2.7,2.75,defensives leading,1.3,-0.2,1.4,below 20d avg,0.2873,0.2873,elevated,142.91,139.86
2026-08-18T16:02:45.352Z,risk-on,4-3,normal,0.53,below 20d avg,99.6,100.26,contango,15.76,19.26,-3.5,below 20-obs avg,2.7,2.75,defensives leading,1.3,-0.2,1.5,below 20d avg,0.2872,0.2875,elevated,142.91,139.86
2026-08-18T16:44:49.404Z,risk-on,4-3,normal,0.53,below 20d avg,99.62,100.26,contango,15.71,19.23,-3.52,below 20-obs avg,2.7,2.75,defensives leading,1.4,-0.4,1.8,below 20d avg,0.2874,0.2875,elevated,142.91,139.86
2026-08-18T16:44:49.811Z,risk-on,4-3,normal,0.53,below 20d avg,99.62,100.26,contango,15.71,19.23,-3.52,below 20-obs avg,2.7,2.75,defensives leading,1.4,-0.4,1.8,below 20d avg,0.2874,0.2875,elevated,142.91,139.86
2026-08-18T17:14:39.466Z,risk-on,5-2,normal,0.53,below 20d avg,99.64,100.3,contango,15.65,19.17,-3.52,below 20-obs avg,2.7,2.75,defensives leading,1.4,-0.1,1.6,above 20d avg,0.2874,0.2873,elevated,142.91,139.66
2026-08-18T17:14:40.081Z,risk-on,4-3,normal,0.53,below 20d avg,99.64,100.26,contango,15.65,19.17,-3.52,below 20-obs avg,2.7,2.75,defensives leading,1.4,-0.1,1.6,below 20d avg,0.2874,0.2875,elevated,142.91,139.66
2026-08-18T17:48:45.047Z,risk-on,5-2,normal,0.53,below 20d avg,99.66,100.26,contango,15.71,19.19,-3.48,below 20-obs avg,2.7,2.75,defensives leading,1.3,-0.3,1.6,above 20d avg,0.2873,0.2873,elevated,142.91,139.86
2026-08-18T17:48:45.458Z,risk-on,4-3,normal,0.53,below 20d avg,99.66,100.26,contango,15.71,19.19,-3.48,below 20-obs avg,2.7,2.75,defensives leading,1.3,-0.3,1.6,below 20d avg,0.2873,0.2875,elevated,142.91,139.66
2026-08-18T18:16:08.692Z,risk-on,4-3,normal,0.53,below 20d avg,99.66,100.3,contango,15.76,19.24,-3.48,below 20-obs avg,2.7,2.75,defensives leading,1.2,-0.3,1.5,below 20d avg,0.2875,0.2875,elevated,142.91,139.86
2026-08-18T18:16:09.114Z,risk-on,5-2,normal,0.53,below 20d avg,99.66,100.26,contango,15.76,19.24,-3.48,below 20-obs avg,2.7,2.75,defensives leading,1.2,-0.3,1.5,above 20d avg,0.2875,0.2873,elevated,142.91,139.86
2026-08-18T19:02:46.920Z,risk-on,4-3,normal,0.53,below 20d avg,99.67,100.26,contango,15.66,19.17,-3.51,below 20-obs avg,2.7,2.75,defensives leading,1.2,-0.4,1.5,below 20d avg,0.2872,0.2875,elevated,142.91,139.66
2026-08-18T19:02:47.439Z,risk-on,4-3,normal,0.53,below 20d avg,99.67,100.3,contango,15.66,19.17,-3.51,below 20-obs avg,2.7,2.75,defensives leading,1.2,-0.4,1.5,below 20d avg,0.2872,0.2873,elevated,142.91,139.86
2026-08-18T19:35:43.418Z,risk-on,4-3,normal,0.53,below 20d avg,99.64,100.26,contango,15.65,19.16,-3.51,below 20-obs avg,2.7,2.75,defensives leading,1.2,-0.4,1.5,below 20d avg,0.2872,0.2875,elevated,142.91,139.86
2026-08-18T19:35:44.721Z,risk-on,4-3,normal,0.53,below 20d avg,99.64,100.26,contango,15.65,19.16,-3.51,below 20-obs avg,2.7,2.75,defensives leading,1.2,-0.4,1.5,below 20d avg,0.2872,0.2875,elevated,142.91,139.86
2026-08-18T19:57:02.870Z,risk-on,4-3,normal,0.53,below 20d avg,99.63,100.26,contango,15.7,19.17,-3.47,below 20-obs avg,2.7,2.75,defensives leading,1.1,-0.5,1.6,below 20d avg,0.2867,0.2875,elevated,142.91,139.66
2026-08-18T19:57:04.104Z,risk-on,4-3,normal,0.53,below 20d avg,99.63,100.3,contango,15.7,19.17,-3.47,below 20-obs avg,2.7,2.75,defensives leading,1.1,-0.5,1.6,below 20d avg,0.2867,0.2875,elevated,142.91,139.86
2026-08-18T20:33:23.266Z,risk-on,4-3,normal,0.53,below 20d avg,99.68,100.26,contango,15.84,19.27,-3.43,below 20-obs avg,2.7,2.75,defensives leading,1,-0.5,1.5,below 20d avg,0.2864,0.2875,elevated,142.91,139.86
2026-08-18T20:33:29.823Z,risk-on,4-3,normal,0.53,below 20d avg,99.68,100.3,contango,15.84,19.27,-3.43,below 20-obs avg,2.7,2.75,defensives leading,1,-0.5,1.5,below 20d avg,0.2864,0.2875,elevated,142.91,139.86
2026-08-18T20:55:58.592Z,risk-on,4-3,normal,0.53,below 20d avg,99.67,100.26,contango,15.84,19.27,-3.43,below 20-obs avg,2.7,2.75,defensives leading,1,-0.7,1.7,below 20d avg,0.2864,0.2875,elevated,142.91,139.86
2026-08-18T20:55:59.024Z,risk-on,4-3,normal,0.53,below 20d avg,99.67,100.26,contango,15.84,19.27,-3.43,below 20-obs avg,2.7,2.75,defensives leading,1,-0.7,1.7,below 20d avg,0.2864,0.2875,elevated,142.91,139.86
2026-08-18T21:31:32.583Z,risk-on,4-3,normal,0.53,below 20d avg,99.64,100.26,contango,15.84,19.27,-3.43,below 20-obs avg,2.7,2.75,defensives leading,1,-0.7,1.7,below 20d avg,0.2864,0.2875,elevated,143.6,139.46
2026-08-18T21:31:33.149Z,risk-on,4-3,normal,0.53,below 20d avg,99.64,100.26,contango,15.84,19.27,-3.43,below 20-obs avg,2.7,2.75,defensives leading,1,-0.7,1.7,below 20d avg,0.2864,0.2875,elevated,143.6,139.46
2026-08-18T21:52:46.218Z,risk-on,4-3,normal,0.53,below 20d avg,99.64,100.3,contango,15.84,19.27,-3.43,below 20-obs avg,2.7,2.75,defensives leading,1,-0.5,1.5,below 20d avg,0.2864,0.2873,elevated,143.6,139.55
2026-08-18T21:52:46.947Z,risk-on,4-3,normal,0.53,below 20d avg,99.64,100.3,contango,15.84,19.27,-3.43,below 20-obs avg,2.7,2.75,defensives leading,1,-0.5,1.5,below 20d avg,0.2864,0.2873,elevated,143.6,139.55
2026-08-19T11:33:04.916Z,risk-on,4-3,normal,0.52,below 20d avg,99.41,100.17,contango,15.76,19.27,-3.51,below 20-obs avg,2.7,2.75,defensives leading,1,-0.5,1.5,below 20d avg,0.2864,0.2875,elevated,143.6,139.46
2026-08-19T11:56:13.069Z,risk-on,4-3,normal,0.52,below 20d avg,99.44,100.23,contango,15.75,19.27,-3.52,below 20-obs avg,2.7,2.75,defensives leading,1,-0.5,1.5,below 20d avg,0.2864,0.2873,elevated,143.6,139.55
2026-08-19T11:56:13.818Z,risk-on,4-3,normal,0.52,below 20d avg,99.44,100.23,contango,15.75,19.27,-3.52,below 20-obs avg,2.7,2.75,defensives leading,1,-0.5,1.5,below 20d avg,0.2864,0.2873,elevated,143.6,139.55
2026-08-19T13:02:03.937Z,risk-on,4-3,normal,0.52,below 20d avg,99.15,100.22,contango,15.45,19.27,-3.82,below 20-obs avg,2.7,2.75,defensives leading,1,-0.5,1.5,below 20d avg,0.2864,0.2873,elevated,143.6,139.55
2026-08-19T13:02:04.473Z,risk-on,4-3,normal,0.52,below 20d avg,99.15,100.16,contango,15.4,20.54,-5.14,below 20-obs avg,2.7,2.75,defensives leading,1,-0.5,1.5,below 20d avg,0.2864,0.2875,elevated,143.6,139.46
2026-08-19T13:52:55.241Z,risk-on,5-2,normal,0.52,below 20d avg,98.99,100.15,contango,15.4,19.05,-3.65,below 20-obs avg,2.7,2.75,defensives leading,2.3,0.4,1.9,above 20d avg,0.2897,0.2877,elevated,143.6,139.46
2026-08-19T13:52:55.740Z,risk-on,5-2,normal,0.52,below 20d avg,98.99,100.15,contango,15.4,19.05,-3.65,below 20-obs avg,2.7,2.75,defensives leading,2.3,0.4,1.9,above 20d avg,0.2897,0.2877,elevated,143.6,139.46
2026-08-19T14:26:27.740Z,risk-on,5-2,normal,0.52,below 20d avg,98.87,100.15,contango,15.32,18.98,-3.66,below 20-obs avg,2.75,2.75,defensives leading,2.3,0.5,1.7,above 20d avg,0.2901,0.2877,elevated,143.6,139.46
2026-08-19T14:26:28.099Z,risk-on,5-2,normal,0.52,below 20d avg,98.87,100.15,contango,15.32,18.98,-3.66,below 20-obs avg,2.75,2.75,defensives leading,2.3,0.5,1.8,above 20d avg,0.2901,0.2877,elevated,143.6,139.46
2026-08-19T15:03:55.391Z,risk-on,5-2,normal,0.52,below 20d avg,98.9,100.15,contango,15.18,18.91,-3.73,below 20-obs avg,2.75,2.75,defensives leading,2.1,0.9,1.2,above 20d avg,0.2892,0.2875,elevated,143.6,139.46
2026-08-19T15:03:56.260Z,risk-on,5-2,normal,0.52,below 20d avg,98.9,100.21,contango,15.18,18.91,-3.73,below 20-obs avg,2.75,2.75,defensives leading,2.1,0.9,1.2,above 20d avg,0.2892,0.2875,elevated,143.6,139.55
2026-08-19T15:45:18.410Z,risk-on,5-2,normal,0.52,below 20d avg,98.91,100.15,contango,15.18,18.86,-3.68,below 20-obs avg,2.75,2.75,defensives leading,1.6,0.4,1.2,above 20d avg,0.2887,0.2877,elevated,143.6,139.46
2026-08-19T15:45:19.123Z,risk-on,5-2,normal,0.52,below 20d avg,98.91,100.15,contango,15.18,18.86,-3.68,below 20-obs avg,2.75,2.75,defensives leading,1.6,0.4,1.2,above 20d avg,0.2887,0.2877,elevated,143.6,139.46
2026-08-19T16:14:55.848Z,risk-on,5-2,normal,0.52,below 20d avg,98.89,100.21,contango,15.16,18.84,-3.68,below 20-obs avg,2.75,2.75,defensives leading,1.4,0.4,1,above 20d avg,0.2883,0.2875,elevated,143.6,139.46
2026-08-19T16:14:56.372Z,risk-on,5-2,normal,0.52,below 20d avg,98.89,100.21,contango,15.16,18.84,-3.68,below 20-obs avg,2.75,2.75,defensives leading,1.4,0.4,1,above 20d avg,0.2883,0.2875,elevated,143.6,139.55
2026-08-19T16:51:55.250Z,risk-on,5-2,normal,0.52,below 20d avg,98.88,100.15,contango,15.17,18.82,-3.65,below 20-obs avg,2.75,2.75,defensives leading,1.7,0.4,1.4,above 20d avg,0.2889,0.2875,elevated,143.6,139.55
2026-08-19T16:51:56.016Z,risk-on,5-2,normal,0.52,below 20d avg,98.88,100.15,contango,15.17,18.82,-3.65,below 20-obs avg,2.75,2.75,defensives leading,1.7,0.4,1.4,above 20d avg,0.2889,0.2875,elevated,143.6,139.55
2026-08-19T17:19:09.527Z,risk-on,5-2,normal,0.52,below 20d avg,98.9,100.21,contango,15.18,18.82,-3.64,below 20-obs avg,2.75,2.75,defensives leading,1.8,0.3,1.4,above 20d avg,0.2889,0.2875,elevated,143.6,139.55
2026-08-19T17:19:10.397Z,risk-on,5-2,normal,0.52,below 20d avg,98.9,100.21,contango,15.18,18.82,-3.64,below 20-obs avg,2.75,2.75,defensives leading,1.8,0.3,1.4,above 20d avg,0.289,0.2875,elevated,143.6,139.55
2026-08-19T17:46:00.439Z,risk-on,5-2,normal,0.52,below 20d avg,98.94,100.21,contango,15.23,18.82,-3.59,below 20-obs avg,2.75,2.75,defensives leading,1.9,0.3,1.6,above 20d avg,0.289,0.2875,elevated,143.6,139.55
2026-08-19T17:46:01.075Z,risk-on,5-2,normal,0.52,below 20d avg,98.94,100.21,contango,15.23,18.82,-3.59,below 20-obs avg,2.75,2.75,defensives leading,1.9,0.3,1.6,above 20d avg,0.289,0.2877,elevated,143.6,139.55
2026-08-19T18:13:24.305Z,risk-on,5-2,normal,0.52,below 20d avg,98.9,100.15,contango,15.21,18.81,-3.6,below 20-obs avg,2.75,2.75,defensives leading,2.2,0.1,2.1,above 20d avg,0.289,0.2875,elevated,143.6,139.46
2026-08-19T18:13:25.490Z,risk-on,5-2,normal,0.52,below 20d avg,98.9,100.21,contango,15.21,18.81,-3.6,below 20-obs avg,2.75,2.75,defensives leading,2.2,0.1,2.1,above 20d avg,0.289,0.2877,elevated,143.6,139.46
2026-08-19T18:55:56.095Z,risk-on,5-2,normal,0.52,below 20d avg,98.84,100.21,contango,15.05,18.71,-3.66,below 20-obs avg,2.75,2.75,defensives leading,2.2,0.1,2.2,above 20d avg,0.2888,0.2875,elevated,143.6,139.46
2026-08-19T18:55:56.633Z,risk-on,5-2,normal,0.52,below 20d avg,98.84,100.15,contango,15.05,18.71,-3.66,below 20-obs avg,2.75,2.75,defensives leading,2.2,0.1,2.2,above 20d avg,0.2888,0.2875,elevated,143.6,139.46
2026-08-19T19:32:56.240Z,risk-on,5-2,normal,0.52,below 20d avg,98.82,100.2,contango,14.98,18.64,-3.66,below 20-obs avg,2.75,2.75,defensives leading,1.8,0.2,1.6,above 20d avg,0.2885,0.2875,elevated,143.6,139.55
2026-08-19T19:32:56.740Z,risk-on,5-2,normal,0.52,below 20d avg,98.82,100.2,contango,14.98,18.64,-3.66,below 20-obs avg,2.75,2.75,defensives leading,1.8,0.2,1.6,above 20d avg,0.2885,0.2876,elevated,143.6,139.46
2026-08-19T19:55:08.291Z,risk-on,5-2,normal,0.52,below 20d avg,98.83,100.2,contango,15.02,18.63,-3.61,below 20-obs avg,2.75,2.75,defensives leading,1.6,0.1,1.6,above 20d avg,0.2888,0.2875,elevated,143.6,139.55
2026-08-19T19:55:09.002Z,risk-on,5-2,normal,0.52,below 20d avg,98.83,100.2,contango,15.02,18.63,-3.61,below 20-obs avg,2.75,2.75,defensives leading,1.6,0.1,1.6,above 20d avg,0.2888,0.2875,elevated,143.6,139.55
2026-08-19T20:37:19.261Z,risk-on,5-2,normal,0.52,below 20d avg,98.81,100.2,contango,14.89,18.57,-3.68,below 20-obs avg,2.75,2.75,defensives leading,1.7,0.2,1.5,above 20d avg,0.2888,0.2875,elevated,143.6,139.55
2026-08-19T20:37:20.245Z,risk-on,5-2,normal,0.52,below 20d avg,98.81,100.14,contango,14.89,18.57,-3.68,below 20-obs avg,2.75,2.75,defensives leading,1.7,0.2,1.5,above 20d avg,0.2888,0.2875,elevated,143.6,139.46
2026-08-19T21:02:12.649Z,risk-on,5-2,normal,0.52,below 20d avg,98.79,100.14,contango,14.89,18.57,-3.68,below 20-obs avg,2.75,2.75,defensives leading,1.7,0.2,1.5,above 20d avg,0.2888,0.2877,elevated,143.6,139.46
2026-08-19T21:02:13.134Z,risk-on,5-2,normal,0.52,below 20d avg,98.79,100.14,contango,14.89,18.57,-3.68,below 20-obs avg,2.75,2.75,defensives leading,1.7,0.2,1.5,above 20d avg,0.2888,0.2877,elevated,143.6,139.46
2026-08-19T21:35:33.849Z,risk-on,5-2,normal,0.52,below 20d avg,98.8,100.14,contango,14.89,18.57,-3.68,below 20-obs avg,2.75,2.75,defensives leading,1.7,0.2,1.5,above 20d avg,0.2888,0.2877,elevated,142.93,139.1
2026-08-19T21:35:34.286Z,risk-on,5-2,normal,0.52,below 20d avg,98.8,100.14,contango,14.89,18.57,-3.68,below 20-obs avg,2.75,2.75,defensives leading,1.7,0.2,1.5,above 20d avg,0.2888,0.2877,elevated,142.93,139.1
2026-08-19T21:59:52.446Z,risk-on,5-2,normal,0.52,below 20d avg,98.79,100.2,contango,14.89,18.57,-3.68,below 20-obs avg,2.75,2.75,defensives leading,1.7,0.2,1.5,above 20d avg,0.2888,0.2875,elevated,142.93,139.34
2026-08-19T21:59:53.358Z,risk-on,5-2,normal,0.52,below 20d avg,98.79,100.2,contango,14.89,18.57,-3.68,below 20-obs avg,2.75,2.75,defensives leading,1.7,0.2,1.5,above 20d avg,0.2888,0.2875,elevated,142.93,139.34
2026-08-20T11:35:10.717Z,risk-on,5-2,normal,0.46,below 20d avg,98.7,100.01,contango,15.2,20.54,-5.34,below 20-obs avg,2.75,2.75,defensives leading,1.7,0.2,1.5,above 20d avg,0.2888,0.2877,elevated,142.93,139.1
2026-08-20T12:01:16.915Z,risk-on,5-2,normal,0.46,below 20d avg,98.78,100.09,contango,15.36,18.57,-3.21,below 20-obs avg,2.75,2.75,defensives leading,1.7,0.2,1.5,above 20d avg,0.2888,0.2875,elevated,142.93,139.34
2026-08-20T12:01:17.443Z,risk-on,5-2,normal,0.46,below 20d avg,98.78,100.09,contango,15.37,18.57,-3.2,below 20-obs avg,2.75,2.75,defensives leading,1.7,0.2,1.5,above 20d avg,0.2888,0.2875,elevated,142.93,139.1
2026-08-20T13:05:59.630Z,risk-on,5-2,normal,0.46,below 20d avg,98.77,100.09,contango,15.88,18.57,-2.69,below 20-obs avg,2.75,2.75,defensives leading,1.7,0.2,1.5,above 20d avg,0.2888,0.2875,elevated,142.93,139.34
2026-08-20T13:06:00.651Z,risk-on,5-2,normal,0.46,below 20d avg,98.77,100.09,contango,15.88,18.57,-2.69,below 20-obs avg,2.75,2.75,defensives leading,1.7,0.2,1.5,above 20d avg,0.2888,0.2875,elevated,142.93,139.34
2026-08-20T13:58:02.193Z,risk-on,5-2,normal,0.46,below 20d avg,98.82,100.1,contango,15.52,18.86,-3.34,below 20-obs avg,2.75,2.75,defensives leading,0.2,-1.1,1.3,above 20d avg,0.289,0.2878,elevated,142.93,139.34
2026-08-20T13:58:02.672Z,risk-on,5-2,normal,0.46,below 20d avg,98.82,100.1,contango,15.52,18.86,-3.34,below 20-obs avg,2.75,2.75,defensives leading,0.2,-1.1,1.3,above 20d avg,0.289,0.2875,elevated,142.93,139.1
2026-08-20T14:44:50.803Z,risk-on,5-2,normal,0.46,below 20d avg,98.82,100.01,contango,15.83,19.03,-3.2,below 20-obs avg,2.73,2.76,defensives leading,0.2,-1.5,1.8,above 20d avg,0.2884,0.2877,elevated,142.93,139.34
2026-08-20T14:44:51.234Z,risk-on,5-2,normal,0.46,below 20d avg,98.82,100.1,contango,15.83,19.03,-3.2,below 20-obs avg,2.73,2.76,defensives leading,0.2,-1.5,1.8,above 20d avg,0.2884,0.2875,elevated,142.93,139.34
2026-08-20T15:20:13.010Z,risk-on,5-2,normal,0.46,below 20d avg,98.82,100.1,contango,15.6,18.89,-3.29,below 20-obs avg,2.73,2.76,defensives leading,0.3,-1.3,1.6,above 20d avg,0.2895,0.2876,elevated,142.93,139.34
2026-08-20T15:20:13.664Z,risk-on,5-2,normal,0.46,below 20d avg,98.82,100.1,contango,15.6,18.89,-3.29,below 20-obs avg,2.73,2.76,defensives leading,0.3,-1.3,1.6,above 20d avg,0.2895,0.2876,elevated,142.93,139.1
2026-08-20T15:54:31.365Z,risk-on,5-2,normal,0.46,below 20d avg,98.89,100.02,contango,15.88,19.02,-3.14,below 20-obs avg,2.73,2.76,defensives leading,0.3,-1.4,1.7,above 20d avg,0.2894,0.2878,elevated,142.93,139.1
2026-08-20T15:54:32.184Z,risk-on,5-2,normal,0.46,below 20d avg,98.89,100.02,contango,15.88,19.02,-3.14,below 20-obs avg,2.73,2.76,defensives leading,0.3,-1.4,1.7,above 20d avg,0.2894,0.2878,elevated,142.93,139.1
2026-08-20T16:43:50.740Z,risk-on,5-2,normal,0.46,below 20d avg,98.91,100.1,contango,15.83,18.97,-3.14,below 20-obs avg,2.73,2.76,defensives leading,-0.3,-1.3,1.1,above 20d avg,0.2887,0.2875,elevated,142.93,139.34
2026-08-20T16:43:51.224Z,risk-on,5-2,normal,0.46,below 20d avg,98.91,100.1,contango,15.83,18.97,-3.14,below 20-obs avg,2.73,2.76,defensives leading,-0.3,-1.3,1.1,above 20d avg,0.2887,0.2875,elevated,142.93,139.34
2026-08-20T17:15:43.794Z,risk-on,5-2,normal,0.46,below 20d avg,98.89,100.02,contango,15.58,18.83,-3.25,below 20-obs avg,2.73,2.76,defensives leading,-0.1,-1.5,1.4,above 20d avg,0.2889,0.2877,elevated,142.93,139.1
2026-08-20T17:15:44.169Z,risk-on,5-2,normal,0.46,below 20d avg,98.89,100.02,contango,15.58,18.83,-3.25,below 20-obs avg,2.73,2.76,defensives leading,-0.1,-1.5,1.4,above 20d avg,0.2888,0.2877,elevated,142.93,139.1
2026-08-20T17:51:31.683Z,risk-on,5-2,normal,0.46,below 20d avg,98.92,100.1,contango,15.85,18.97,-3.12,below 20-obs avg,2.73,2.76,defensives leading,-0.1,-1.6,1.5,above 20d avg,0.2888,0.2875,elevated,142.93,139.34
2026-08-20T17:51:32.199Z,risk-on,5-2,normal,0.46,below 20d avg,98.92,100.1,contango,15.85,18.97,-3.12,below 20-obs avg,2.73,2.76,defensives leading,-0.1,-1.6,1.5,above 20d avg,0.2888,0.2875,elevated,142.93,139.34
2026-08-20T18:24:12.763Z,risk-on,5-2,normal,0.46,below 20d avg,98.92,100.02,contango,15.98,19.02,-3.04,below 20-obs avg,2.73,2.76,defensives leading,-0.1,-1.6,1.5,above 20d avg,0.2892,0.2878,elevated,142.93,139.1
2026-08-20T18:24:13.590Z,risk-on,5-2,normal,0.46,below 20d avg,98.92,100.02,contango,15.98,19.02,-3.04,below 20-obs avg,2.73,2.76,defensives leading,-0.1,-1.6,1.5,above 20d avg,0.2892,0.2878,elevated,142.93,139.1
2026-08-20T19:11:53.117Z,risk-on,5-2,normal,0.46,below 20d avg,98.9,100.02,contango,16.02,19.03,-3.01,below 20-obs avg,2.73,2.76,defensives leading,-0.4,-1.7,1.3,above 20d avg,0.2891,0.2878,elevated,142.93,139.1
2026-08-20T19:11:54.253Z,risk-on,5-2,normal,0.46,below 20d avg,98.9,100.02,contango,16.02,19.03,-3.01,below 20-obs avg,2.73,2.76,defensives leading,-0.4,-1.7,1.3,above 20d avg,0.2891,0.2878,elevated,142.93,139.1
2026-08-20T19:47:01.676Z,risk-on,5-2,normal,0.46,below 20d avg,98.89,100.02,contango,16.08,19.08,-3,below 20-obs avg,2.73,2.76,defensives leading,-0.4,-1.5,1.1,above 20d avg,0.289,0.2878,elevated,142.93,139.1
2026-08-20T19:47:02.065Z,risk-on,5-2,normal,0.46,below 20d avg,98.89,100.02,contango,16.08,19.08,-3,below 20-obs avg,2.73,2.76,defensives leading,-0.4,-1.5,1.1,above 20d avg,0.289,0.2878,elevated,142.93,139.1
2026-08-20T20:13:08.520Z,risk-on,5-2,normal,0.5,below 20d avg,98.88,100.1,contango,16.05,19.08,-3.03,below 20-obs avg,2.73,2.76,defensives leading,-0.6,-1.6,1,above 20d avg,0.2888,0.2875,elevated,142.93,139.34
2026-08-20T20:13:09.031Z,risk-on,5-2,normal,0.5,below 20d avg,98.88,100.1,contango,16.05,19.08,-3.03,below 20-obs avg,2.73,2.76,defensives leading,-0.6,-1.6,1,above 20d avg,0.2888,0.2875,elevated,142.93,139.34
2026-08-20T20:48:57.004Z,risk-on,5-2,normal,0.5,below 20d avg,98.88,100.1,contango,16.01,19.06,-3.05,below 20-obs avg,2.73,2.76,defensives leading,-0.6,-1.6,1,above 20d avg,0.2889,0.2875,elevated,142.93,139.34
2026-08-20T20:48:57.753Z,risk-on,5-2,normal,0.5,below 20d avg,98.88,100.1,contango,16.01,19.06,-3.05,below 20-obs avg,2.73,2.76,defensives leading,-0.6,-1.6,1,above 20d avg,0.2889,0.2875,elevated,142.93,139.34
2026-08-20T21:14:56.194Z,risk-on,5-2,normal,0.5,below 20d avg,98.86,100.1,contango,16.01,19.06,-3.05,below 20-obs avg,2.73,2.76,defensives leading,-0.6,-1.6,1,above 20d avg,0.2889,0.2875,elevated,142.93,139.34
2026-08-20T21:14:56.704Z,risk-on,5-2,normal,0.5,below 20d avg,98.86,100.1,contango,16.01,19.06,-3.05,below 20-obs avg,2.73,2.76,defensives leading,-0.6,-1.6,1,above 20d avg,0.2889,0.2875,elevated,142.93,139.34
2026-08-20T21:49:03.729Z,risk-on,5-2,normal,0.5,below 20d avg,98.87,100.1,contango,16.01,19.06,-3.05,below 20-obs avg,2.73,2.76,defensives leading,-0.6,-1.6,1,above 20d avg,0.2889,0.2875,elevated,143.23,139.2
2026-08-20T21:49:04.243Z,risk-on,5-2,normal,0.5,below 20d avg,98.87,100.1,contango,16.01,19.06,-3.05,below 20-obs avg,2.73,2.76,defensives leading,-0.6,-1.6,1,above 20d avg,0.2889,0.2875,elevated,143.23,139.2
2026-08-21T11:33:14.939Z,risk-on,5-2,normal,0.5,below 20d avg,98.64,99.88,contango,15.64,20.54,-4.9,below 20-obs avg,2.73,2.76,defensives leading,-0.6,-1.6,1,above 20d avg,0.2889,0.2877,elevated,143.23,138.96
2026-08-21T11:57:30.832Z,risk-on,5-2,normal,0.5,below 20d avg,98.67,99.88,contango,15.45,19.06,-3.61,below 20-obs avg,2.73,2.76,defensives leading,-0.6,-1.6,1,above 20d avg,0.2889,0.2877,elevated,143.23,138.96
2026-08-21T11:57:31.386Z,risk-on,5-2,normal,0.5,below 20d avg,98.67,99.88,contango,15.45,19.06,-3.61,below 20-obs avg,2.73,2.76,defensives leading,-0.6,-1.6,1,above 20d avg,0.2889,0.2877,elevated,143.23,138.96
2026-08-21T13:02:59.194Z,risk-on,5-2,normal,0.5,below 20d avg,98.75,99.88,contango,15.43,19.06,-3.63,below 20-obs avg,2.73,2.76,defensives leading,-0.6,-1.6,1,above 20d avg,0.2889,0.2877,elevated,143.23,138.96
2026-08-21T13:03:00.736Z,risk-on,5-2,normal,0.5,below 20d avg,98.75,99.88,contango,15.43,19.06,-3.63,below 20-obs avg,2.73,2.76,defensives leading,-0.6,-1.6,1,above 20d avg,0.2889,0.2877,elevated,143.23,138.96
2026-08-21T13:54:31.588Z,risk-on,5-2,normal,0.5,below 20d avg,98.79,99.88,contango,15.48,18.71,-3.23,below 20-obs avg,2.73,2.76,defensives leading,-0.6,-1,0.5,above 20d avg,0.2898,0.2878,elevated,143.23,138.96
2026-08-21T13:54:32.208Z,risk-on,5-2,normal,0.5,below 20d avg,98.79,99.88,contango,15.48,18.71,-3.23,below 20-obs avg,2.73,2.76,defensives leading,-0.6,-1,0.5,above 20d avg,0.2898,0.2878,elevated,143.23,138.96
2026-08-21T14:44:17.013Z,risk-on,5-2,normal,0.5,below 20d avg,98.87,99.89,contango,15.39,18.62,-3.23,below 20-obs avg,2.75,2.76,defensives leading,-0.4,-0.9,0.6,above 20d avg,0.2898,0.2878,elevated,143.23,138.96
2026-08-21T14:44:17.460Z,risk-on,5-2,normal,0.5,below 20d avg,98.87,99.89,contango,15.39,18.62,-3.23,below 20-obs avg,2.75,2.76,defensives leading,-0.4,-0.9,0.6,above 20d avg,0.2898,0.2878,elevated,143.23,138.96
2026-08-21T15:18:47.395Z,risk-on,5-2,normal,0.5,below 20d avg,98.87,99.89,contango,15.34,18.59,-3.25,below 20-obs avg,2.75,2.76,defensives leading,-0.4,-0.9,0.5,above 20d avg,0.2896,0.2878,elevated,143.23,138.96
2026-08-21T15:18:48.168Z,risk-on,5-2,normal,0.5,below 20d avg,98.87,99.89,contango,15.33,18.59,-3.26,below 20-obs avg,2.75,2.76,defensives leading,-0.4,-0.9,0.5,above 20d avg,0.2896,0.2878,elevated,143.23,138.96
2026-08-21T15:53:56.104Z,risk-on,5-2,normal,0.5,below 20d avg,98.83,99.89,contango,15.27,18.56,-3.29,below 20-obs avg,2.75,2.76,defensives leading,-0.4,-0.8,0.4,above 20d avg,0.2891,0.2878,elevated,143.23,138.96
2026-08-21T15:53:57.017Z,risk-on,5-2,normal,0.5,below 20d avg,98.83,99.89,contango,15.27,18.56,-3.29,below 20-obs avg,2.75,2.76,defensives leading,-0.4,-0.8,0.4,above 20d avg,0.2891,0.2878,elevated,143.23,138.96
2026-08-21T16:43:48.727Z,risk-on,5-2,normal,0.5,below 20d avg,98.8,99.89,contango,15.31,18.61,-3.3,below 20-obs avg,2.75,2.76,defensives leading,-0.4,-0.7,0.3,above 20d avg,0.2894,0.2878,elevated,143.23,138.96
2026-08-21T16:43:49.306Z,risk-on,5-2,normal,0.5,below 20d avg,98.8,99.89,contango,15.31,18.61,-3.3,below 20-obs avg,2.75,2.76,defensives leading,-0.4,-0.7,0.3,above 20d avg,0.2894,0.2878,elevated,143.23,138.96
2026-08-21T17:15:50.616Z,risk-on,5-2,normal,0.5,below 20d avg,98.83,99.89,contango,15.32,18.59,-3.27,below 20-obs avg,2.75,2.76,defensives leading,-0.3,-0.7,0.4,above 20d avg,0.2894,0.2878,elevated,143.23,138.96
2026-08-21T17:15:51.096Z,risk-on,5-2,normal,0.5,below 20d avg,98.83,99.89,contango,15.32,18.59,-3.27,below 20-obs avg,2.75,2.76,defensives leading,-0.3,-0.7,0.4,above 20d avg,0.2894,0.2878,elevated,143.23,138.96
2026-08-21T17:51:05.060Z,risk-on,5-2,normal,0.5,below 20d avg,98.81,99.89,contango,15.31,18.56,-3.25,below 20-obs avg,2.75,2.76,defensives leading,-0.3,-0.9,0.6,above 20d avg,0.2894,0.2878,elevated,143.23,138.96
2026-08-21T17:51:05.654Z,risk-on,5-2,normal,0.5,below 20d avg,98.81,99.89,contango,15.31,18.56,-3.25,below 20-obs avg,2.75,2.76,defensives leading,-0.3,-0.9,0.6,above 20d avg,0.2894,0.2878,elevated,143.23,138.96
2026-08-21T18:21:00.446Z,risk-on,5-2,normal,0.5,below 20d avg,98.8,99.89,contango,15.26,18.55,-3.29,below 20-obs avg,2.75,2.76,defensives leading,-0.3,-0.9,0.5,above 20d avg,0.2894,0.2878,elevated,143.23,138.96
2026-08-21T18:21:01.025Z,risk-on,5-2,normal,0.5,below 20d avg,98.8,99.89,contango,15.26,18.55,-3.29,below 20-obs avg,2.75,2.76,defensives leading,-0.3,-0.9,0.5,above 20d avg,0.2894,0.2878,elevated,143.23,138.96
2026-08-21T19:04:22.271Z,risk-on,5-2,normal,0.5,below 20d avg,98.81,99.89,contango,15.28,18.57,-3.29,below 20-obs avg,2.75,2.76,defensives leading,-0.4,-0.7,0.4,above 20d avg,0.2894,0.2878,elevated,143.23,138.96
2026-08-21T19:04:22.834Z,risk-on,5-2,normal,0.5,below 20d avg,98.81,99.89,contango,15.28,18.57,-3.29,below 20-obs avg,2.75,2.76,defensives leading,-0.4,-0.7,0.4,above 20d avg,0.2894,0.2878,elevated,143.23,138.96
2026-08-21T19:36:20.083Z,risk-on,5-2,normal,0.5,below 20d avg,98.83,99.89,contango,15.24,18.51,-3.27,below 20-obs avg,2.75,2.76,defensives leading,-0.4,-0.8,0.5,above 20d avg,0.2893,0.2878,elevated,143.23,138.96
2026-08-21T19:36:20.590Z,risk-on,5-2,normal,0.5,below 20d avg,98.83,99.89,contango,15.24,18.51,-3.27,below 20-obs avg,2.75,2.76,defensives leading,-0.4,-0.8,0.5,above 20d avg,0.2893,0.2878,elevated,143.23,138.96
2026-08-21T19:56:27.637Z,risk-on,5-2,normal,0.5,below 20d avg,98.82,99.89,contango,15.15,18.48,-3.33,below 20-obs avg,2.75,2.76,defensives leading,-0.2,-0.8,0.6,above 20d avg,0.2896,0.2878,elevated,143.23,138.96
2026-08-21T19:56:28.064Z,risk-on,5-2,normal,0.5,below 20d avg,98.82,99.89,contango,15.15,18.48,-3.33,below 20-obs avg,2.75,2.76,defensives leading,-0.2,-0.8,0.6,above 20d avg,0.2896,0.2878,elevated,143.23,138.96
2026-08-21T20:33:43.129Z,risk-on,5-2,normal,0.5,below 20d avg,98.83,99.89,contango,15.13,18.5,-3.37,below 20-obs avg,2.75,2.76,defensives leading,-0.1,-0.8,0.7,above 20d avg,0.2895,0.2878,elevated,143.23,138.96
2026-08-21T20:33:43.755Z,risk-on,5-2,normal,0.5,below 20d avg,98.83,99.89,contango,15.13,18.5,-3.37,below 20-obs avg,2.75,2.76,defensives leading,-0.1,-0.8,0.7,above 20d avg,0.2895,0.2878,elevated,143.23,138.96
2026-08-21T21:00:00.882Z,risk-on,5-2,normal,0.5,below 20d avg,98.84,99.89,contango,15.13,18.5,-3.37,below 20-obs avg,2.75,2.76,defensives leading,-0.1,-0.8,0.7,above 20d avg,0.2895,0.2878,elevated,143.23,138.96
2026-08-21T21:00:01.888Z,risk-on,5-2,normal,0.5,below 20d avg,98.84,99.89,contango,15.13,18.5,-3.37,below 20-obs avg,2.75,2.76,defensives leading,-0.1,-0.8,0.7,above 20d avg,0.2895,0.2878,elevated,143.23,138.96
2026-08-21T21:33:02.063Z,risk-on,5-2,normal,0.5,below 20d avg,98.84,99.89,contango,15.13,18.5,-3.37,below 20-obs avg,2.75,2.76,defensives leading,-0.1,-0.8,0.7,above 20d avg,0.2895,0.2878,elevated,143.9,138.79
2026-08-21T21:33:02.794Z,risk-on,5-2,normal,0.5,below 20d avg,98.84,99.89,contango,15.13,18.5,-3.37,below 20-obs avg,2.75,2.76,defensives leading,-0.1,-0.8,0.7,above 20d avg,0.2895,0.2878,elevated,143.9,138.79
2026-08-21T21:56:03.496Z,risk-on,5-2,normal,0.5,below 20d avg,98.84,99.89,contango,15.13,18.5,-3.37,below 20-obs avg,2.75,2.76,defensives leading,-0.1,-0.8,0.7,above 20d avg,0.2895,0.2878,elevated,143.9,138.79
2026-08-21T21:56:04.369Z,risk-on,5-2,normal,0.5,below 20d avg,98.84,99.89,contango,15.13,18.5,-3.37,below 20-obs avg,2.75,2.76,defensives leading,-0.1,-0.8,0.7,above 20d avg,0.2895,0.2878,elevated,143.9,138.79
2026-08-24T11:36:44.619Z,risk-on,5-2,normal,0.5,below 20d avg,98.98,99.76,contango,16.04,20.54,-4.5,below 20-obs avg,2.75,2.76,defensives leading,-0.1,-0.8,0.7,above 20d avg,0.2895,0.2878,elevated,143.9,138.79
2026-08-24T12:00:58.317Z,risk-on,5-2,normal,0.5,below 20d avg,98.97,99.76,contango,15.91,18.5,-2.59,below 20-obs avg,2.75,2.76,defensives leading,-0.1,-0.8,0.7,above 20d avg,0.2895,0.2878,elevated,143.9,138.79
2026-08-24T12:00:58.757Z,risk-on,5-2,normal,0.5,below 20d avg,98.97,99.76,contango,15.91,18.5,-2.59,below 20-obs avg,2.75,2.76,defensives leading,-0.1,-0.8,0.7,above 20d avg,0.2895,0.2878,elevated,143.9,138.79
2026-08-24T13:07:34.485Z,risk-on,5-2,normal,0.5,below 20d avg,98.95,99.76,contango,15.91,18.5,-2.59,below 20-obs avg,2.75,2.76,defensives leading,-0.1,-0.8,0.7,above 20d avg,0.2895,0.2878,elevated,143.9,138.79
2026-08-24T13:07:35.001Z,risk-on,5-2,normal,0.5,below 20d avg,98.95,99.76,contango,15.91,18.5,-2.59,below 20-obs avg,2.75,2.76,defensives leading,-0.1,-0.8,0.7,above 20d avg,0.2895,0.2878,elevated,143.9,138.79
2026-08-24T14:01:26.663Z,risk-on,5-2,normal,0.5,below 20d avg,98.94,99.76,contango,16.04,18.69,-2.65,below 20-obs avg,2.75,2.76,defensives leading,3,1.2,1.7,above 20d avg,0.2909,0.2878,elevated,143.9,138.79
2026-08-24T14:01:27.300Z,risk-on,5-2,normal,0.5,below 20d avg,98.94,99.76,contango,16.04,18.69,-2.65,below 20-obs avg,2.75,2.76,defensives leading,3,1.2,1.7,above 20d avg,0.2909,0.2878,elevated,143.9,138.79
2026-08-24T14:54:05.434Z,risk-on,5-2,normal,0.5,below 20d avg,98.96,99.76,contango,15.81,18.57,-2.76,below 20-obs avg,2.7,2.75,defensives leading,3,0.8,2.2,above 20d avg,0.2903,0.2877,elevated,143.9,138.79
2026-08-24T14:54:05.873Z,risk-on,5-2,normal,0.5,below 20d avg,98.96,99.76,contango,15.81,18.57,-2.76,below 20-obs avg,2.7,2.75,defensives leading,3,0.8,2.2,above 20d avg,0.2903,0.2877,elevated,143.9,138.79
2026-08-24T15:48:24.500Z,risk-on,5-2,normal,0.5,below 20d avg,98.94,99.76,contango,15.78,18.53,-2.75,below 20-obs avg,2.7,2.75,defensives leading,3,0.7,2.2,above 20d avg,0.2898,0.2877,elevated,143.9,138.79
2026-08-24T15:48:24.942Z,risk-on,5-2,normal,0.5,below 20d avg,98.94,99.76,contango,15.78,18.53,-2.75,below 20-obs avg,2.7,2.75,defensives leading,3,0.7,2.2,above 20d avg,0.2898,0.2877,elevated,143.9,138.79
2026-08-24T16:19:12.539Z,risk-on,5-2,normal,0.5,below 20d avg,98.98,99.76,contango,15.65,18.43,-2.78,below 20-obs avg,2.7,2.75,defensives leading,3.1,0.9,2.2,above 20d avg,0.2899,0.2877,elevated,143.9,138.79
2026-08-24T16:19:12.975Z,risk-on,5-2,normal,0.5,below 20d avg,98.98,99.76,contango,15.65,18.43,-2.78,below 20-obs avg,2.7,2.75,defensives leading,3.1,0.9,2.2,above 20d avg,0.2899,0.2877,elevated,143.9,138.79
2026-08-24T17:00:45.986Z,risk-on,5-2,normal,0.5,below 20d avg,98.99,99.76,contango,15.69,18.45,-2.76,below 20-obs avg,2.7,2.75,defensives leading,2.9,0.7,2.2,above 20d avg,0.2897,0.2877,elevated,143.9,138.79
2026-08-24T17:00:46.609Z,risk-on,5-2,normal,0.5,below 20d avg,98.99,99.76,contango,15.69,18.45,-2.76,below 20-obs avg,2.7,2.75,defensives leading,2.9,0.7,2.2,above 20d avg,0.2897,0.2877,elevated,143.9,138.79
2026-08-24T17:38:58.681Z,risk-on,5-2,normal,0.5,below 20d avg,99.04,99.76,contango,15.73,18.5,-2.77,below 20-obs avg,2.7,2.75,defensives leading,2.9,0.7,2.2,above 20d avg,0.29,0.2877,elevated,143.9,138.79
2026-08-24T17:38:59.446Z,risk-on,5-2,normal,0.5,below 20d avg,99.04,99.76,contango,15.73,18.5,-2.77,below 20-obs avg,2.7,2.75,defensives leading,2.9,0.7,2.2,above 20d avg,0.29,0.2877,elevated,143.9,138.79
2026-08-24T18:04:05.629Z,risk-on,5-2,normal,0.5,below 20d avg,99.05,99.76,contango,15.8,18.54,-2.74,below 20-obs avg,2.7,2.75,defensives leading,2.9,0.8,2.1,above 20d avg,0.2899,0.2877,elevated,143.9,138.79
2026-08-24T18:04:06.142Z,risk-on,5-2,normal,0.5,below 20d avg,99.05,99.76,contango,15.8,18.54,-2.74,below 20-obs avg,2.7,2.75,defensives leading,2.9,0.8,2.1,above 20d avg,0.2899,0.2877,elevated,143.9,138.79
2026-08-24T18:58:04.057Z,risk-on,5-2,normal,0.5,below 20d avg,99.02,99.76,contango,15.71,18.5,-2.79,below 20-obs avg,2.7,2.75,defensives leading,2.9,1,1.9,above 20d avg,0.2902,0.2877,elevated,143.9,138.79
2026-08-24T18:58:04.618Z,risk-on,5-2,normal,0.5,below 20d avg,99.02,99.76,contango,15.71,18.5,-2.79,below 20-obs avg,2.7,2.75,defensives leading,2.9,1,1.9,above 20d avg,0.2902,0.2877,elevated,143.9,138.79
2026-08-24T19:36:23.313Z,risk-on,5-2,normal,0.5,below 20d avg,99.03,99.76,contango,15.79,18.52,-2.73,below 20-obs avg,2.7,2.75,defensives leading,3,1,2,above 20d avg,0.2904,0.2877,elevated,143.9,138.79
2026-08-24T19:36:23.994Z,risk-on,5-2,normal,0.5,below 20d avg,99.03,99.76,contango,15.79,18.52,-2.73,below 20-obs avg,2.7,2.75,defensives leading,3,1,2,above 20d avg,0.2904,0.2877,elevated,143.9,138.79
2026-08-24T20:02:34.489Z,risk-on,5-2,normal,0.46,below 20d avg,99,99.76,contango,15.89,18.55,-2.66,below 20-obs avg,2.7,2.75,defensives leading,3.3,1.1,2.1,above 20d avg,0.2906,0.2877,elevated,143.9,138.79
2026-08-24T20:02:35.240Z,risk-on,5-2,normal,0.46,below 20d avg,99,99.76,contango,15.89,18.55,-2.66,below 20-obs avg,2.7,2.75,defensives leading,3.3,1.1,2.1,above 20d avg,0.2906,0.2877,elevated,143.9,138.79
2026-08-24T20:42:54.606Z,risk-on,5-2,normal,0.46,below 20d avg,99,99.76,contango,15.85,18.56,-2.71,below 20-obs avg,2.7,2.75,defensives leading,3.3,1.1,2.2,above 20d avg,0.2907,0.2878,elevated,143.9,138.79
2026-08-24T20:42:55.324Z,risk-on,5-2,normal,0.46,below 20d avg,99,99.76,contango,15.85,18.56,-2.71,below 20-obs avg,2.7,2.75,defensives leading,3.3,1.1,2.2,above 20d avg,0.2907,0.2878,elevated,143.9,138.79
2026-08-24T21:13:04.128Z,risk-on,5-2,normal,0.46,below 20d avg,98.99,99.76,contango,15.85,18.56,-2.71,below 20-obs avg,2.7,2.75,defensives leading,3.3,1.1,2.2,above 20d avg,0.2907,0.2878,elevated,143.9,138.79
2026-08-24T21:13:05.170Z,risk-on,5-2,normal,0.46,below 20d avg,98.99,99.76,contango,15.85,18.56,-2.71,below 20-obs avg,2.7,2.75,defensives leading,3.3,1.1,2.2,above 20d avg,0.2907,0.2878,elevated,143.9,138.79
2026-08-24T21:46:09.442Z,risk-on,5-2,normal,0.46,below 20d avg,98.99,99.76,contango,15.85,18.56,-2.71,below 20-obs avg,2.7,2.75,defensives leading,3.3,1.1,2.2,above 20d avg,0.2907,0.2878,elevated,145.64,138.74
2026-08-24T21:46:09.961Z,risk-on,5-2,normal,0.46,below 20d avg,98.99,99.76,contango,15.85,18.56,-2.71,below 20-obs avg,2.7,2.75,defensives leading,3.3,1.1,2.2,above 20d avg,0.2907,0.2878,elevated,145.64,138.74
2026-08-25T11:35:52.472Z,risk-on,5-2,normal,0.46,below 20d avg,99.04,99.64,contango,15.79,18.56,-2.77,below 20-obs avg,2.7,2.75,defensives leading,3.3,1.1,2.2,above 20d avg,0.2907,0.2878,elevated,145.64,138.74
2026-08-25T12:02:35.810Z,risk-on,5-2,normal,0.46,below 20d avg,99,99.64,contango,15.74,18.56,-2.82,below 20-obs avg,2.7,2.75,defensives leading,3.3,1.1,2.2,above 20d avg,0.2907,0.2878,elevated,145.64,138.74
2026-08-25T12:02:36.346Z,risk-on,5-2,normal,0.46,below 20d avg,99,99.64,contango,15.74,18.56,-2.82,below 20-obs avg,2.7,2.75,defensives leading,3.3,1.1,2.2,above 20d avg,0.2907,0.2878,elevated,145.64,138.74
2026-08-25T13:06:46.632Z,risk-on,5-2,normal,0.46,below 20d avg,99,99.64,contango,15.84,18.56,-2.72,below 20-obs avg,2.7,2.75,defensives leading,3.3,1.1,2.2,above 20d avg,0.2907,0.2878,elevated,145.64,138.74
2026-08-25T13:06:47.258Z,risk-on,5-2,normal,0.46,below 20d avg,99,99.64,contango,15.84,18.56,-2.72,below 20-obs avg,2.7,2.75,defensives leading,3.3,1.1,2.2,above 20d avg,0.2907,0.2878,elevated,145.64,138.74
2026-08-25T14:02:48.867Z,risk-on,5-2,normal,0.46,below 20d avg,98.96,99.64,contango,15.79,18.44,-2.65,below 20-obs avg,2.7,2.75,defensives leading,1,0.9,0.1,above 20d avg,0.2893,0.2875,elevated,145.64,138.74
2026-08-25T14:02:49.720Z,risk-on,5-2,normal,0.46,below 20d avg,98.96,99.64,contango,15.79,18.44,-2.65,below 20-obs avg,2.7,2.75,defensives leading,1,0.9,0.2,above 20d avg,0.2893,0.2875,elevated,145.64,138.74
2026-08-25T14:58:24.644Z,risk-on,5-2,normal,0.46,below 20d avg,98.93,99.64,contango,15.81,18.49,-2.68,below 20-obs avg,2.69,2.75,defensives leading,1,0.8,0.2,above 20d avg,0.2898,0.2875,elevated,145.64,138.74
2026-08-25T14:58:25.645Z,risk-on,5-2,normal,0.46,below 20d avg,98.93,99.64,contango,15.81,18.49,-2.68,below 20-obs avg,2.69,2.75,defensives leading,1,0.8,0.2,above 20d avg,0.2898,0.2875,elevated,145.64,138.74
2026-08-25T15:52:29.490Z,risk-on,6-1,normal,0.46,below 20d avg,98.94,99.64,contango,15.58,18.33,-2.75,below 20-obs avg,2.69,2.75,cyclicals leading,0.9,1,-0.1,above 20d avg,0.2897,0.2875,elevated,145.64,138.74
2026-08-25T15:52:30.017Z,risk-on,6-1,normal,0.46,below 20d avg,98.94,99.64,contango,15.58,18.33,-2.75,below 20-obs avg,2.69,2.75,cyclicals leading,0.9,1,-0.1,above 20d avg,0.2897,0.2875,elevated,145.64,138.74
